s{,s撬,,Z,ܓx,ox,,ꎞ,L,nk,Q,Ôg,el,~i,l
É,cs,[cs]ZwZ,Écsx5-13-1,34.8356359,138.2101182,1,0,0,-,-,-,,,
É,Ésx͋,[És]oCۈ牀,ÉÉsx͋oC3-20-2,34.95839722,138.4073667,1,0,0,-,-,-,,,
É,ɓ̍s,[ɓ̍s]BRwZ,Éɓ̍sBRBR393,35.052086,138.9544358,1,0,0,-,-,-,,,
É,Îs,[Îs]ijÒZ,ÉÎs蒬11-20,35.107358,138.866317,1,0,0,-,-,-,,,
É,lsV,[ls]YӂꂠZ^[,ÉlsV捲vԒY2794-1,35.052286,137.761929,1,0,0,-,-,-,,,
É,|s,[|s]wZ,É|s1007-1,34.7735078,138.0002844,1,0,0,-,-,-,,,
É,ΌSɓ,[ɓ],ÉɓFv{983-1,34.84685441,138.7887675,1,0,0,-,-,-,,,
É,s,[s]{Rct,És{R158-1,35.2492281,138.8464015,1,0,0,-,-,-,,,
É,ĒÎs,[ĒÎs]LcwZ,ÉĒÎsy301-2,34.868084,138.2932382,1,0,0,-,-,-,,,
É,|s,[|s]acwZ,É|sg639-2,34.7846398,137.9553593,1,0,0,-,-,-,,,
É,Ésx͋,[És]ۈ牀,ÉÉsx͋攪2-15-20,34.9716099,138.3973889,1,0,0,-,-,-,,,
É,Os,[Os]()OkZ,ÉOs1]3]18,35.1296487,138.912885,1,0,0,-,-,-,,,
É,xm{s,[xm{s]s,Éxm{s{14-2,35.227403,138.6075081,1,0,0,-,-,-,,,
É,ĒÎs,[ĒÎs]OR~jeBhЃZ^[,ÉĒÎs{2-12-7,34.86590813,138.3232456,1,0,0,-,-,-,,,
É,ls,[ls]Ԑ쏬wZ,ÉlsԐ쒬781,34.774417,137.6858469,1,0,0,-,-,-,,,
É,ɓ̍s,[ɓ̍s]()ɓZ,Éɓ̍s970-1,35.0424589,138.9373424,1,0,0,-,-,-,,,
É,lsk,[ls]ɖڏwZ,Élsk׍]C3241,34.7872392,137.6432944,1,0,0,-,-,-,,,
É,Ésx͋,[És]䏬wZ,ÉÉsx͋捑gc6-7-45,34.9891422,138.4376823,1,0,0,-,-,-,,,
É,}s,[}s]()ÐHƍZ,É}s87,34.8947972,138.2769339,1,0,0,-,-,-,,,
É,s,[s]()썂Z,És900-1,35.1792791,138.9096594,1,0,0,-,-,-,,,
É,es,[es]}nR~jeBZ^[,Ées1371-2,34.7014831,138.1127924,1,0,0,-,-,-,,,
É,MCs,[MCs]ꏬwZ,ÉMCs920-1,35.0493934,139.0700437,1,0,0,-,-,-,,,
É,ls,[ls]otwZ,ÉlsCV˂QڂT?P,34.6997442,137.7321231,1,0,0,-,-,-,,,
É,xS,[]wZ,É87,35.1024206,138.9036033,1,0,0,-,-,-,,,
É,És,[És]RwZ,ÉÉs捕2741-16,35.0687625,138.2067432,1,0,0,-,-,-,,,
É,ls,[ls]򏬊wZ,Éls꒚16-1,34.7386901,137.7211606,1,0,0,-,-,-,,,
É,xm{s,[xm{s]ŐB&GCmZ^[,Éxm{sR858,35.23077,138.563759,1,0,0,-,-,-,,,
É,lsV,[ls]RꏬwZ,ÉlsV旴R565-5,34.9704784,137.8254647,1,0,0,-,-,-,,,
É,És,[És]攪wZ,ÉÉsǕ4-2429,35.0147402,138.467249,1,0,0,-,-,-,,,
É,És,[És]ѓcwZ,ÉÉs扺쒆2-40,35.0354072,138.4692149,1,0,0,-,-,-,,,
É,܈s,[܈s]ct,É܈sc723]1,34.7669539,137.891422,1,0,0,-,-,-,,,
É,֓cs,[֓cs]ً}{,É֓cs656-7,34.8759912,137.8708405,1,0,0,-,-,-,,,
É,lsV,[ls]RwZ,ÉlsV扡R547,34.9427459,137.8175746,1,0,0,-,-,-,,,
É,lsV,[ls]RیZ^[,ÉlsV旴Rˑq711-2,34.9787695,137.8306112,1,0,0,-,-,-,,,
É,qVs,[Os]O蒆wZ,ÉqVsV800-1,34.6253591,138.1899763,1,0,0,-,-,-,,,
É,És,[És]掵wZ,ÉÉs摐3-9-20,35.0019134,138.448112,1,0,0,-,-,-,,,
É,as,[as]n掙̈{,Éas240-1,35.2612637,138.9071804,1,0,0,-,-,-,,,
É,Ésx͋,[És]v\wZ,ÉÉsx͋Ïh213-2,34.957862,138.4564726,1,0,0,-,-,-,,,
É,xms,[xms]xm쒆wZ,ÉxmsX550,35.1381343,138.6463557,1,0,0,-,-,-,,,
É,xm{s,[xm{s]()xm{Z,Éxm{st1550,35.2465505,138.6061885,1,0,0,-,-,-,,,
É,qVs,[qVs]L,ÉqVsxVc531,34.6287472,138.1744168,1,0,0,-,-,-,,,
É,ls,[ls]̐wZ,Éls搼1148-1,34.662548,137.7687311,1,0,0,-,-,-,,,
É,xms,[xms]()gZ,Éxms2160,35.1707834,138.6878467,1,0,0,-,-,-,,,
É,ɓ̍s,[ɓ̍s]hЃZ^[,Éɓ̍s32-1,35.01718866,138.9438194,1,0,0,-,-,-,,,
É,֓cs,[֓cs]mwZ,É֓csL4473-8,34.6794154,137.8157095,1,0,0,-,-,-,,,
É,֓cs,[֓cs]LwZ,É֓cs㓇943,34.8331,137.8377967,1,0,0,-,-,-,,,
É,cs,[cs]OZ^[R̉,Écsg48-3,34.9016035,138.1117245,1,0,0,-,-,-,,,
É,cs,[cs]cwZ,Écs53-1,34.6723952,138.9400278,1,0,0,-,-,-,,,
É,lsV,[ls]E,ÉlsV搅Ẻ3274-1,35.1663903,137.8691509,1,0,0,-,-,-,,,
É,ls,[ls]uwZ,ÉlsKܒ12-1,34.7468169,137.7259406,1,0,0,-,-,-,,,
É,ΌS͒Ò,[͒Ò]wZ,É͒Ò1032,34.7543692,139.013111,1,0,0,-,-,-,,,
É,lsV,[ls]()YwZ,ÉlsV搅Ẻ5296-18,35.2118523,137.8913231,1,0,0,-,-,-,,,
É,܈s,[܈s]E܈,É܈s754-1,34.7408302,137.9304511,1,0,0,-,-,-,,,
É,cs,[cs]qwZ,Écs{1337,34.8070449,138.2227087,1,0,0,-,-,-,,,
É,֓cs,[֓cs]cwZ,É֓csOP1030-1,34.7345799,137.8885086,1,0,0,-,-,-,,,
É,Îs,[Îs]{wZ,ÉÎs{1910-19,35.0907314,138.8485963,1,0,0,-,-,-,,,
É,És,[És]()ȊwZpZ,ÉÉs撷500-1,34.9885166,138.4105011,1,0,0,-,-,-,,,
É,És,[És]`pJҕZ^[,ÉÉs扡408-13,35.04115587,138.504447,1,0,0,-,-,-,,,
É,ls,[ls]쏯wZ,Éls揯a108-3,34.7474822,137.6023651,1,0,0,-,-,-,,,
É,És,[És]ѓcwZ,ÉÉs攪k1-23-40,35.0347269,138.4730312,1,0,0,-,-,-,,,
É,|s,[|s]؏wZ,É|s1472-1,34.7941303,137.9863544,1,0,0,-,-,-,,,
É,Os,[Os]ꏬwZ,ÉOsrVc1520,34.6523624,138.1210799,1,0,0,-,-,-,,,
É,֓cs,[֓cs]LZ^[,É֓csђn180-1,34.8207878,137.832992,1,0,0,-,-,-,,,
É,Ésx͋,[És]암wZ,ÉÉsx͋씪11-1,34.9624111,138.4031109,1,0,0,-,-,-,,,
É,}s,[}s]É,É}sO2-10-1,34.8452414,138.251679,1,0,0,-,-,-,,,
É,lsk,[ls]()Z,Élskw1428,34.818581,137.6781176,1,0,0,-,-,-,,,
É,ls,[ls]wZ,Éls捲񒚖32-1,34.7150372,137.7486744,1,0,0,-,-,-,,,
É,qVs,[qVs]qVR~jeBZ^[,ÉqVsz256-4,34.7797756,138.144898,1,0,0,-,-,-,,,
É,qSX,[X]{wZ,ÉXJ650,34.816993,137.899211,1,0,0,-,-,-,,,
É,Îs,[Îs]啽wZ,ÉÎs啽2200,35.0763957,138.9103641,1,0,0,-,-,-,,,
É,És,[És]ޏwZ,ÉÉs搣3-23-1,35.0231184,138.4220052,1,0,0,-,-,-,,,
É,cs,[cs]썪wZ,Écs썪ƎR421,34.93945914,138.0754621,1,0,0,-,-,-,,,
É,}s,[}s]wZ,É}sq102,34.9126419,138.2667874,1,0,0,-,-,-,,,
É,Îs,[Îs]剪쏬wZ,ÉÎs剪c1312,35.10328578,138.8767613,1,0,0,-,-,-,,,
É,És,[És]򐶊UwK𗬊,ÉÉs撋n66-2,35.0345713,138.253528,1,0,0,-,-,-,,,
É,ɓ̍s,[ɓ̍s]쏬wZ,Éɓ̍s1294-1,35.0314047,138.9381646,1,0,0,-,-,-,,,
É,YS썪{,[썪{]썪wZ,É썪{㒷744,35.0446392,138.0820336,1,0,0,-,-,-,,,
É,cs,[cs]R̉,Écs{1322,34.7412527,138.9316101,1,0,0,-,-,-,,,
É,És,[És]ۈ牀,ÉÉs1938,35.054337,138.473363,1,0,0,-,-,-,,,
É,És,[És]ZwZ,ÉÉsV10-40,35.0302631,138.4592965,1,0,0,-,-,-,,,
É,És,[És]vۏwZ,ÉÉs摫vۉg741-1,35.0612171,138.338312,1,0,0,-,-,-,,,
É,xm{s,[xm{s]xmkwZ,Éxm{sR935-1,35.2511428,138.6559926,1,0,0,-,-,-,,,
É,ɓs,[ɓs]ɓЉ̈,Éɓs㔒420-1,34.9647109,138.9847037,1,0,0,-,-,-,,,
É,ɓs,[ɓs]CPwZ,Éɓsv395,34.9758443,138.9518369,1,0,0,-,-,-,,,
É,Ésx͋,[És]암UwKZ^[,ÉÉsx͋씪25-21,34.9616807,138.4050024,1,0,0,-,-,-,,,
É,}s,[}s]FwZ,É}s^q33-1,34.8383265,138.2727685,1,0,0,-,-,-,,,
É,ɓs,[ɓs]MmV̗,ÉɓsMmV109-9,34.9174497,138.9826396,1,0,0,-,-,-,,,
É,MCs,[MCs]񏬊wZ,ÉMCs3-20,35.0888577,139.0677245,1,0,0,-,-,-,,,
É,ls,[ls]㓇wZ,Éls㓇꒚21-1,34.7358793,137.7412017,1,0,0,-,-,-,,,
É,És,[És]wZ,ÉÉs3-16-1,34.9917489,138.3834423,1,0,0,-,-,-,,,
É,s,[s]{RR~jeBZ^[,És{R1593-12,35.2507501,138.8476291,1,0,0,-,-,-,,,
É,s,[s]x񏬊wZ,Ésac890,35.2322539,138.8737344,1,0,0,-,-,-,,,
É,ɓs,[ɓs]y쏬wZ,Éɓsy638,34.9120822,138.794484,1,0,0,-,-,-,,,
É,xm{s,[xm{s]M쒆wZ,ÉŐ쒬M371,35.256505,138.552006,1,0,0,-,-,-,,,
É,lsk,[ls]啟ۈ牀,ÉlskO70-20,34.82497738,137.556969,1,0,0,-,-,-,,,
É,cs,[cs]ct,ÉcsŌ287,34.7240429,138.9274411,1,0,0,-,-,-,,,
É,És,[És]񒆊wZ,ÉÉs_c4-57,35.0068776,138.4795454,1,0,0,-,-,-,,,
É,cs,[cs]򏬊wZ,Écs6-1,34.6971092,138.9376357,1,0,0,-,-,-,,,
É,lsk,[ls]()얼wZ,Élsk얼470-1,34.8701703,137.7018722,1,0,0,-,-,-,,,
É,cs,[cs]cwZ,Écs`1106,34.6752455,138.9650755,1,0,0,-,-,-,,,
É,|s,[|s]()|쐼Z,É|s鐼1-1-6,34.7751855,138.0126388,1,0,0,-,-,-,,,
É,És,[És]ܒwZ,ÉÉsO1720,35.0015063,138.5248237,1,0,0,-,-,-,,,
É,Os,[Os]()rVcZ,ÉOsrVc2907-1,34.6510572,138.1277849,1,0,0,-,-,-,,,
É,ɓs,[ɓs]ijxwZ,Éɓs384,34.92386942,138.9983755,1,0,0,-,-,-,,,
É,xSR,[R]RwZ,ÉR142,35.3612711,138.9864513,1,0,0,-,-,-,,,
É,ΌS͒Ò,[͒Ò]㍲P,É͒ÒÔ696-2-1,34.7764206,138.9676358,1,0,0,-,-,-,,,
É,Ésx͋,[És]ÉNwZ,ÉÉsx͋撆1171,34.9390803,138.3943318,1,0,0,-,-,-,,,
É,s,[s]xct,Ésh682-14,35.2026068,138.9051396,1,0,0,-,-,-,,,
É,És,[És]OwZ,ÉÉsO57,35.00181217,138.4871577,1,0,0,-,-,-,,,
É,܈s,[܈s]}R^,É܈s2300]1,34.7435832,137.9696288,1,0,0,-,-,-,,,
É,}s,[}s]twZ,É}sm336,34.9013705,138.2477426,1,0,0,-,-,-,,,
É,YSgc,[gc]()gcZ,ÉgcЉ2130,34.7768716,138.2524042,1,0,0,-,-,-,,,
É,Îs,[Îs]ijÎoʎxwZ,ÉÎsĎR6-20,35.106323,138.862454,1,0,0,-,-,-,,,
É,YSgc,[gc]gcwZ,ÉgcZg230,34.7693614,138.2529347,1,0,0,-,-,-,,,
É,ΌSɓ,[ɓ]ΏwZ,ÉɓFv{836-2,34.8479534,138.7847642,1,0,0,-,-,-,,,
É,s,[s]wZ,És450,35.1821121,138.9045763,1,0,0,-,-,-,,,
É,ΐs,[ΐs]ΐshÃR~BjeBhЃZ^[,Éΐsh2837,34.7179528,137.5547708,1,0,0,-,-,-,,,
É,Îs,[Îs]nZ^[,ÉÎs358-1,35.1291468,138.8229225,1,0,0,-,-,-,,,
É,s,[s]xۈ牀,Ésブc174-3,35.2044343,138.9050701,1,0,0,-,-,-,,,
É,as,[as]mEkvnR~jeBp{,Éasm255-2,35.3215377,138.9192887,1,0,0,-,-,-,,,
É,܈s,[܈s]HwZ,É܈s822,34.7040127,137.9337939,1,0,0,-,-,-,,,
É,xm{s,[xm{s]wZ,Éxm{s227,35.2248898,138.621426,1,0,0,-,-,-,,,
É,Ésx͋,[És]cۈ牀,ÉÉsx͋n4-2-29,34.9625609,138.3921563,1,0,0,-,-,-,,,
É,És,[És]ܒwZ,ÉÉs搣7-31-40,35.0303953,138.4237078,1,0,0,-,-,-,,,
É,cs,[cs]wZ,Écs564,34.8059839,138.1791157,1,0,0,-,-,-,,,
É,xS,[]쒆wZ,Éq2222-4,35.0922715,138.8864496,1,0,0,-,-,-,,,
É,És,[És]͓wZ,ÉÉs敽1850-3,35.148556,138.36131,1,0,0,-,-,-,,,
É,֓cs,[֓cs]cwZ,É֓cs⒆987,34.7671104,137.8319408,1,0,0,-,-,-,,,
É,Îs,[Îs]()ÓZ,ÉÎs{812,35.1297097,138.8658441,1,0,0,-,-,-,,,
É,ΌS蒬,[蒬]ΘJґ̈Z^[,É蒬565-3,34.7426967,138.7708824,1,0,0,-,-,-,,,
É,cs,[cs]kܘa,Écsp175-1,34.8991586,138.0885801,1,0,0,-,-,-,,,
É,qVs,[qVs]R~jeBhЃZ^[,ÉqVs1212,34.7441224,138.2101322,1,0,0,-,-,-,,,
É,YS썪{,[썪{]썪암wZ,É썪{281,35.0257693,138.0848759,1,0,0,-,-,-,,,
É,ΌSɓ,[ɓ]ZhЃZ^[,ÉɓFv{270-1,34.8487392,138.7765453,1,0,0,-,-,-,,,
É,És,[És]`wZ,ÉÉs{2-1-1,34.9615775,138.3731053,1,0,0,-,-,-,,,
É,s,[s]ݗct,És123-1,35.1775932,138.9136286,1,0,0,-,-,-,,,
É,cS쒬,[쒬]KwZ,É쒬K933,35.1141371,138.9725723,1,0,0,-,-,-,,,
É,}s,[}s]()}kZ,É}sS970,34.8761135,138.2711515,1,0,0,-,-,-,,,
É,És,[És]ѓcwZ,ÉÉsR112-1,35.04133874,138.4683723,1,0,0,-,-,-,,,
É,ls,[ls]ے˒wZ,Élsے˒1050,34.7261471,137.7548071,1,0,0,-,-,-,,,
É,lsV,[ls]wZ,ÉlsVt쒬xV993-1,34.9595855,137.8975584,1,0,0,-,-,-,,,
É,ls,[ls]wZ,Éls10300,34.6838614,137.6571412,1,0,0,-,-,-,,,
É,ɓs,[ɓs]CPwZ,Éɓs{419,34.9698695,138.9434656,1,0,0,-,-,-,,,
É,lslk,[ls]klwZ,ÉlslkPn317,34.7991897,137.8085281,1,0,0,-,-,-,,,
É,lsk,[ls]()ɕwZ,Élskɕ580-2,34.8643666,137.6604706,1,0,0,-,-,-,,,
É,֓cs,[֓cs]֓ckwZ,É֓cst2352,34.729977,137.858815,1,0,0,-,-,-,,,
É,És,[És]mȕۈ牀,ÉÉs匴1237,35.0075003,138.2787341,1,0,0,-,-,-,,,
É,܈s,[܈s]O쏬wZ,É܈sFi38,34.7980951,137.8791196,1,0,0,-,-,-,,,
É,es,[es]e쐼wZ,Ées38,34.7521577,138.0837015,1,0,0,-,-,-,,,
É,ĒÎs,[ĒÎs]vÏwZ,ÉĒÎsΘe65,34.886635,138.3198147,1,0,0,-,-,-,,,
É,Os,[Os]炱ǂ,ÉOsq888,34.6346739,138.1556051,1,0,0,-,-,-,,,
É,ls,[ls]wZ,Éls摺2551,34.72827012,137.5950604,1,0,0,-,-,-,,,
É,lsk,[ls]()CꍂZ,Élsk׍]L1,34.8130867,137.6640274,1,0,0,-,-,-,,,
É,ΌS͒Ò,[͒Ò]n,É͒Òn424,34.727299,138.981274,1,0,0,-,-,-,,,
É,xms,[xms]cqYwZ,Éxms98,35.1384595,138.6708177,1,0,0,-,-,-,,,
É,s,[s]wZ,És685-1,35.1783043,138.9249581,1,0,0,-,-,-,,,
É,És,[És]DzwZ,ÉÉsk831-1,34.9982894,138.4718823,1,0,0,-,-,-,,,
É,És,[És]()ÉƍZ,ÉÉsc7-90,34.9645355,138.3677779,1,0,0,-,-,-,,,
É,cs,[cs]JZ^[Â,Écs550-2,34.8434674,138.1249044,1,0,0,-,-,-,,,
É,܈s,[܈s]FZ^[,É܈sF1121-1,34.7953321,137.9280587,1,0,0,-,-,-,,,
É,Ésx͋,[És]cwZ,ÉÉsx͋撆c2-14-1,34.9638718,138.3923452,1,0,0,-,-,-,,,
É,És,[És]cۈ牀,ÉÉsc1-79,34.9749676,138.3660861,1,0,0,-,-,-,,,
É,ls,[ls]wZ,Éls1533,34.7190117,137.7415079,1,0,0,-,-,-,,,
É,ls,[ls]]wZ,Éls搼ɏ꒬4-1,34.7030906,137.7089693,1,0,0,-,-,-,,,
É,lsV,[ls]()ÒwZ,ÉlsV948,34.890151,137.7807708,1,0,0,-,-,-,,,
É,ls,[ls]DzwZ,ÉlsDz29-1,34.7180896,137.7438801,1,0,0,-,-,-,,,
É,És,[És]암𗬃Z^[,ÉÉsz쒬9-50,34.9793138,138.5040188,1,0,0,-,-,-,,,
É,És,[És]wZ,ÉÉsΒ1-1,34.9860942,138.3928917,1,0,0,-,-,-,,,
É,ΌSɓ,[ɓ]mȏwZ,Éɓm184,34.7731067,138.7802475,1,0,0,-,-,-,,,
É,܈s,[܈s]}wZ,É܈sR4822,34.697325,137.9536084,1,0,0,-,-,-,,,
É,Îs,[Îs]rwZ,ÉÎsF657-1,35.1323679,138.8777878,1,0,0,-,-,-,,,
É,lsk,[ls]ޏwZ,ÉlskO1431,34.7849997,137.5392663,1,0,0,-,-,-,,,
É,s,[s]畟uwZ,És畟u4-12-1,35.198846,138.8832865,1,0,0,-,-,-,,,
É,܈s,[܈s]Oct,É܈sFi113-1,34.7978896,137.8797973,1,0,0,-,-,-,,,
É,ls,[ls]吣wZ,Éls吣2218,34.7566809,137.772762,1,0,0,-,-,-,,,
É,És,[És]Dۈ牀,ÉÉsR1-17-1,34.9757258,138.3538344,1,0,0,-,-,-,,,
É,s,[s][Ǘct,És[696,35.2059702,138.9172575,1,0,0,-,-,-,,,
É,cs,[cs]JwZ,ÉcsJݒ33,34.8265528,138.1271547,1,0,0,-,-,-,,,
É,Ésx͋,[És]cwZ,ÉÉsx͋擌Vc3-10-1,34.9460377,138.3726836,1,0,0,-,-,-,,,
É,És,[És]()ÉwwZ,ÉÉsx{1-94,34.9778589,138.3855481,1,0,0,-,-,-,,,
É,ĒÎs,[ĒÎs]EqnhЃZ^[,ÉĒÎsEq2559-2,34.7869776,138.300286,1,0,0,-,-,-,,,
É,ls,[ls]ǕwZ,Élsz꒚9-1,34.7205362,137.7200756,1,0,0,-,-,-,,,
É,ΐs,[ΐs]AjeBvU,Éΐsg3294-48,34.7138873,137.5040892,1,0,0,-,-,-,,,
É,xm{s,[xm{s]()xm{Z,Éxm{s1234,35.2257233,138.6291367,1,0,0,-,-,-,,,
É,ɓs,[ɓs]쏬wZ,Éɓs{ac716-87,34.9520447,139.1137725,1,0,0,-,-,-,,,
É,És,[És]Lxkۈ牀,ÉÉs撷740-1,35.015693,138.443183,1,0,0,-,-,-,,,
É,ΌS͒Ò,[͒Ò]V,É͒ÒÔ69-1,34.76943328,138.960051,1,0,0,-,-,-,,,
É,}s,[}s]wZ,É}s3-14-1,34.8872619,138.2665407,1,0,0,-,-,-,,,
É,Os,[Os]wZ,ÉOs250-1,35.0938357,138.9360255,1,0,0,-,-,-,,,
É,És,[És]RkwZ,ÉÉsRR2158,35.1293109,138.556677,1,0,0,-,-,-,,,
É,lsV,[ls]ÏwZ,ÉlsV旼762,34.8829161,137.7920197,1,0,0,-,-,-,,,
É,܈s,[܈s]Hct,É܈sH2617-1,34.7201189,137.9289103,1,0,0,-,-,-,,,
É,}s,[}s]FwZ,É}sF5-20,34.8265156,138.2513292,1,0,0,-,-,-,,,
É,ɓ̍s,[ɓ̍s]mwZ,Éɓ̍sO325-1,35.0084577,138.9472587,1,0,0,-,-,-,,,
É,s,[s]cwZ,És1133,35.1740492,138.9215282,1,0,0,-,-,-,,,
É,YSgc,[gc]ZgwZ,ÉgcZg2223,34.7593571,138.2539454,1,0,0,-,-,-,,,
É,ΐs,[ΐs]Vct,ÉΐsVV1730,34.6899727,137.5606849,1,0,0,-,-,-,,,
É,És,[És]^̈,ÉÉs搴J2-1-1,34.998176,138.4924221,1,0,0,-,-,-,,,
É,cs,[cs]ɋvwZ,Écsɋv3690-1,34.9286205,138.1412521,1,0,0,-,-,-,,,
É,|s,[|s]JwZ,É|s15,34.8220964,137.9552776,1,0,0,-,-,-,,,
É,ɓ̍s,[ɓ̍s]()mZՒn,Éɓ̍sm334,34.9976059,138.94084,1,0,0,-,-,-,,,
É,܈s,[܈s]Hkct,É܈s41,34.7073981,137.9228172,1,0,0,-,-,-,,,
É,Îs,[Îs]wZ,ÉÎs1200,35.128093,138.7928119,1,0,0,-,-,-,,,
É,qVs,[qVs]ǃR~jeBhЃZ^[,ÉqVs58-1,34.6844755,138.2000082,1,0,0,-,-,-,,,
É,Îs,[Îs]ꒆwZ,ÉÎsێq692-1,35.10344546,138.8494,1,0,0,-,-,-,,,
É,Ésx͋,[És]ckwZ,ÉÉsx͋~n890,34.9623775,138.3586732,1,0,0,-,-,-,,,
É,qVs,[qVs]ԕۈ牀,ÉqVs889,34.7355007,138.1609643,1,0,0,-,-,-,,,
É,xms,[xms]gi񏬊wZ,ÉxmsL149-1,35.1932623,138.722728,1,0,0,-,-,-,,,
É,cs,[cs]{ۈ珊,Écs{680-1,34.6595305,138.9677173,1,0,0,-,-,-,,,
É,qSX,[X]{Z^[,ÉX{3150,34.82520913,137.8911717,1,0,0,-,-,-,,,
É,|s,[|s]ywZ,É|sy286-1,34.7075728,138.0416184,1,0,0,-,-,-,,,
É,És,[És]Dۈ牀,ÉÉsH{25-33,34.9863655,138.3302342,1,0,0,-,-,-,,,
É,xm{s,[xm{s]xm쏬wZ,Éxm{s1675,35.2255208,138.636464,1,0,0,-,-,-,,,
É,|s,[|s]基_PZ^[,É|s基6881-2,34.6727289,138.0098244,1,0,0,-,-,-,,,
É,ΌSɓ,[ɓ]Ό,ÉɓΎcK319-1,34.639078,138.881884,1,0,0,-,-,-,,,
É,És,[És]k㏬wZ,ÉÉsk1020,35.04746,138.4239103,1,0,0,-,-,-,,,
É,xSR,[R]ϏwZ,ÉR627,35.3529748,138.9783165,1,0,0,-,-,-,,,
É,cs,[cs]wZ,Écs350,34.7242013,138.9314604,1,0,0,-,-,-,,,
É,}s,[}s]wZ,É}sJ997-2,34.90954,138.2831883,1,0,0,-,-,-,,,
É,xms,[xms]()xmZ,Éxms2921,35.1805882,138.7002671,1,0,0,-,-,-,,,
É,És,[És]~wZ,ÉÉs~1309-1,35.2434584,138.3408561,1,0,0,-,-,-,,,
É,ls,[ls]㒆wZ,Éls救㒬4601,34.6794792,137.6156233,1,0,0,-,-,-,,,
É,qSX,[X]zwZ,ÉXl259,34.869087,137.9384259,1,0,0,-,-,-,,,
É,lsV,[ls]FwZ,ÉlsVF2153,34.9595993,137.7332946,1,0,0,-,-,-,,,
É,xm{s,[xm{s]cwZ,Éxm{sR1030-2,35.2095026,138.6165075,1,0,0,-,-,-,,,
É,Îs,[Îs]ꏬwZ,ÉÎs65-1,35.0983948,138.8537013,1,0,0,-,-,-,,,
É,És,[És]쒆wZ,ÉÉs876,35.092379,138.2409097,1,0,0,-,-,-,,,
É,ΐs,[ΐs]hÒwZ,Éΐsh629,34.7144554,137.5416999,1,0,0,-,-,-,,,
É,ΌSɓ,[ɓ]cq,Éɓcq2640?1,34.80287124,138.763622,1,0,0,-,-,-,,,
É,ls,[ls]kwZ,ÉlsR192,34.718456,137.7298085,1,0,0,-,-,-,,,
É,És,[És]awZ,ÉÉs摫vیg3276-2,35.0437925,138.3680015,1,0,0,-,-,-,,,
É,Ésx͋,[És]()ÉqZ,ÉÉsx͋攪3-6-1,34.969724,138.3960696,1,0,0,-,-,-,,,
É,cS쒬,[쒬]R~jeB[Z^[,É쒬c667-1,35.0734688,138.9313316,1,0,0,-,-,-,,,
É,xms,[xms]xm䏬wZ,Éxmsxm1-12,35.1844852,138.7100575,1,0,0,-,-,-,,,
É,lsV,[ls]Vpz[,ÉlsV񖓒20-2,34.8587315,137.8158401,1,0,0,-,-,-,,,
É,ls,[ls]ώuwZ,Élsώu1497-1,34.76590644,137.7603362,1,0,0,-,-,-,,,
É,lsk,[ls]ct,Élsk׍]7172-701,34.7941285,137.6853124,1,0,0,-,-,-,,,
É,ls,[ls]wZ,Élsђ1748,34.6898256,137.6950598,1,0,0,-,-,-,,,
É,És,[És]ޓ쏬wZ,ÉÉs쐣1-20,35.002232,138.4226219,1,0,0,-,-,-,,,
É,cs,[cs]WZ^[,ÉcsŌ290-1,34.7238513,138.9279078,1,0,0,-,-,-,,,
É,ĒÎs,[ĒÎs]{R~jeBhЃZ^[,ÉĒÎs{659-8,34.8923709,138.3114652,1,0,0,-,-,-,,,
É,És,[És]쏬wZ,ÉÉs旳1-23-1,34.9990594,138.396316,1,0,0,-,-,-,,,
É,֓cs,[֓cs]L쏬wZ,É֓cs_1410-1,34.8156001,137.8472381,1,0,0,-,-,-,,,
É,}s,[}s]()}Z,É}s2-4-6,34.8671452,138.2716682,1,0,0,-,-,-,,,
É,És,[És]vەۈ牀,ÉÉs搼v438-1,35.035852,138.484323,1,0,0,-,-,-,,,
É,ls,[ls]l,Éls捲l1933-1,34.74263581,137.6446631,1,0,0,-,-,-,,,
É,֓cs,[֓cs]mwZ,É֓cs23,34.672678,137.8232201,1,0,0,-,-,-,,,
É,És,[És]wZ,ÉÉs抗49,35.1241932,138.6196824,1,0,0,-,-,-,,,
É,cs,[cs]l菬wZ,Écs{1875-1,34.6570335,138.967548,1,0,0,-,-,-,,,
É,ΌSɓ,[ɓ]lR~jeBhЃZ^[,Éɓm814-5,34.7691123,138.7745647,1,0,0,-,-,-,,,
É,Os,[Os]kwZ,ÉOs2-32-60,35.1305653,138.9151125,1,0,0,-,-,-,,,
É,ĒÎs,[ĒÎs]ĒÐwZ,ÉĒÎs117-1,34.8660065,138.3100218,1,0,0,-,-,-,,,
É,ls,[ls]^iwZ,ÉlsV1351,34.74081983,137.7709511,1,0,0,-,-,-,,,
É,qVs,[qVs]YwZ,ÉqVsmc100-1,34.7521714,138.2171534,1,0,0,-,-,-,,,
É,qVs,[qVs]ԏwZ,ÉqVsq75,34.7166235,138.1820401,1,0,0,-,-,-,,,
É,as,[as]wZ,Éasˌ38-5,35.3303155,138.9402495,1,0,0,-,-,-,,,
É,És,[És]kUwKZ^[,ÉÉs揺{2-14-1,35.001981,138.3695072,1,0,0,-,-,-,,,
É,xS,[]암nZ^[,É򒬒|211-30,35.1198191,138.8950675,1,0,0,-,-,-,,,
É,ls,[ls]LʏwZ,ÉlsLʓ쒬614,34.7579966,137.7503718,1,0,0,-,-,-,,,
É,es,[es]ZwZ,Ées{2200,34.7457586,138.0945481,1,0,0,-,-,-,,,
É,ΌS͒Ò,[͒Ò]wZ,É͒ÒP80-1,34.7763472,138.9522056,1,0,0,-,-,-,,,
É,És,[És]Oۑ񏬊wZ,ÉÉs܌5-8-2,34.9908906,138.5165253,1,0,0,-,-,-,,,
É,ɓs,[ɓs]cӂ邳ƃZ^[,ÉɓscPRSR,34.8768775,138.7604527,1,0,0,-,-,-,,,
É,ĒÎs,[ĒÎs]呺wZ,ÉĒÎs呺3-25-1,34.8718086,138.3044448,1,0,0,-,-,-,,,
É,YSgc,[gc]wZ,ÉgcЉ850-1,34.77107646,138.2596522,1,0,0,-,-,-,,,
É,܈s,[܈s]H쏬wZ,É܈s}148,34.6812485,137.9347667,1,0,0,-,-,-,,,
É,s,[s]s̈,És24,35.1796929,138.9132868,1,0,0,-,-,-,,,
É,֓cs,[֓cs]cX|?cZ^?,É֓cs쓇393-1,34.6919434,137.8817312,1,0,0,-,-,-,,,
É,ɓs,[ɓs]ijwZ,Éɓs444,34.9160814,138.924328,1,0,0,-,-,-,,,
É,s,[s][ǏwZ,És[655,35.2026707,138.9182991,1,0,0,-,-,-,,,
É,xm{s,[xm{s]xm쒆wZ,Éxm{s1996,35.2240543,138.6386584,1,0,0,-,-,-,,,
É,És,[És]zۈ牀,ÉÉs}R4-15,34.977544,138.492362,1,0,0,-,-,-,,,
É,֓cs,[֓cs]Lc쒆wZ,É֓cs200,34.7178966,137.8218799,1,0,0,-,-,-,,,
É,És,[És]wZ,ÉÉs_c4-3,35.0073609,138.4809813,1,0,0,-,-,-,,,
É,es,[es]͏nZ^[,Éesg451-1,34.7710557,138.112299,1,0,0,-,-,-,,,
É,lsk,[ls]scwZ,Élsksc5609-2,34.8274672,137.7171388,1,0,0,-,-,-,,,
É,ɓ̍s,[ɓ̍s]iwjTWIw@Z~i[nEX,Éɓ̍s1606-28,35.044693,138.994457,1,0,0,-,-,-,,,
É,xms,[xms]xm񏬊wZ,Éxmsk1959,35.1841575,138.5971455,1,0,0,-,-,-,,,
É,Ésx͋,[És]()ÉoʎxwZ,ÉÉsx͋撆251,34.9509039,138.3924622,1,0,0,-,-,-,,,
É,Ésx͋,[És]Éw,ÉÉsx͋Jc52-1,34.9960389,138.4454205,1,0,0,-,-,-,,,
É,ls,[ls]wZ,ÉlshO8-1,34.7014806,137.7528885,1,0,0,-,-,-,,,
É,es,[es]}nR~jeBZ^[,Ées3669-1,34.6823689,138.098842,1,0,0,-,-,-,,,
É,֓cs,[֓cs]LkwZ,É֓cs암158-1,34.8366857,137.8433515,1,0,0,-,-,-,,,
É,lslk,[ls]VwZ,ÉlslkV2331,34.8178633,137.7808917,1,0,0,-,-,-,,,
É,És,[És]sZ^[,ÉÉs抗Vc1-21-1,35.1161909,138.5958818,1,0,0,-,-,-,,,
É,Ésx͋,[És]LcwZ,ÉÉsx͋ȋ2-8-80,34.9783678,138.4073545,1,0,0,-,-,-,,,
É,֓cs,[֓cs]֓cwZ,É֓cs1203-2,34.7176646,137.8491941,1,0,0,-,-,-,,,
É,ĒÎs,[ĒÎs]쓌wZ,ÉĒÎs@428,34.8076228,138.2929614,1,0,0,-,-,-,,,
É,܈s,[܈s][vU,É܈s1027,34.707822,137.932694,1,0,0,-,-,-,,,
É,ΌSɓ,[ɓ]吣,Éɓ吣^zE341,34.61548677,138.8567637,1,0,0,-,-,-,,,
É,qVs,[qVs]ǌ,ÉqVs{X854-10,34.6684746,138.193993,1,0,0,-,-,-,,,
É,lsV,[ls]RӂꂠZ^[,ÉlsV捲vԒ2415-1,35.079531,137.841767,1,0,0,-,-,-,,,
É,lslk,[ls]VQґ̈,ÉlsVnP20-16,34.8563893,137.7933172,1,0,0,-,-,-,,,
É,|s,[|s]{ꒆ,É|s基145,34.67891164,137.9896459,1,0,0,-,-,-,,,
É,qVs,[qVs]()ǍZ,ÉqVsg1700-3,34.6851087,138.196342,1,0,0,-,-,-,,,
É,lsk,[ls]O,ÉlskOO500-1,34.8031236,137.5562551,1,0,0,-,-,-,,,
É,xms,[xms]xzwZ,Éxms`@630,35.1862233,138.6723923,1,0,0,-,-,-,,,
É,ΌS͒Ò,[͒Ò]{,É͒Ò{1244-1,34.79086983,138.9423415,1,0,0,-,-,-,,,
É,És,[És]wZ,ÉÉs揼䒬15-1,35.0024034,138.4903611,1,0,0,-,-,-,,,
É,s,[s]{Rn挤CZ^[,És{R587-4,35.2521054,138.8473402,1,0,0,-,-,-,,,
É,És,[És]فEUwKZ^[,ÉÉs擌[3-18,34.9834305,138.3856618,1,0,0,-,-,-,,,
É,Os,[Os]lkwZ,ÉOs753,34.6700468,138.1346726,1,0,0,-,-,-,,,
É,ls,[ls]()wZ,Éls掛450,34.700896,137.740514,1,0,0,-,-,-,,,
É,|s,[|s]炭wZ,É|s423,34.8657096,138.0192966,1,0,0,-,-,-,,,
É,És,[És]͓wZ,ÉÉs敽1850-66,35.1493837,138.3616804,1,0,0,-,-,-,,,
É,Os,[Os]qwZ,ÉOsq4-1-45,35.1422391,138.9131153,1,0,0,-,-,-,,,
É,ls,[ls]ΓwZ,Éls捲l4540,34.7562521,137.6575612,1,0,0,-,-,-,,,
É,És,[És]wZ,ÉÉsA271,35.1016634,138.5106477,1,0,0,-,-,-,,,
É,cs,[cs]ɑwZ,Écsɑ1314,34.8486117,138.1521438,1,0,0,-,-,-,,,
É,cs,[cs]cct,Écs117-2,34.6770919,138.9416387,1,0,0,-,-,-,,,
É,ΌSɓ,[ɓ]cR~jeBhЃZ^[,Éɓm1872-3,34.77659369,138.7704595,1,0,0,-,-,-,,,
É,És,[És]Vlẻ,ÉÉs拻Ò1288,35.0605799,138.5277892,1,0,0,-,-,-,,,
É,܈s,[܈s]Hct,É܈sa873-1,34.7037787,137.9094135,1,0,0,-,-,-,,,
É,ɓ̍s,[ɓ̍s]BRUwKZ^[,Éɓ̍sތÒJ1251-1,35.070926,138.971109,1,0,0,-,-,-,,,
É,܈s,[܈s]}ct,É܈sR5093-13,34.6993332,137.9543638,1,0,0,-,-,-,,,
É,cs,[cs]|[|[,Écs481,34.7212694,138.8744931,1,0,0,-,-,-,,,
É,Os,[Os]⏬wZ,ÉOssRVc163-2,35.1367576,138.9616945,1,0,0,-,-,-,,,
É,ls,[ls]啽䏬wZ,Éls啽O6-1,34.7147945,137.6805462,1,0,0,-,-,-,,,
É,|s,[|s]cwZ,É|s1623-1,34.8390722,137.9668654,1,0,0,-,-,-,,,
É,Ésx͋,[És]É_Ɖ,ÉÉsx͋ȋ3-8-1,34.974546,138.4082712,1,0,0,-,-,-,,,
É,ĒÎs,[ĒÎs]쒆wZ,ÉĒÎs]191,34.8010009,138.2814877,1,0,0,-,-,-,,,
É,ĒÎs,[ĒÎs]acwZ,ÉĒÎscKk541,34.82756692,138.3209869,1,0,0,-,-,-,,,
É,ĒÎs,[ĒÎs]앟Z^[قق,ÉĒÎs@572-1,34.8031817,138.2906507,1,0,0,-,-,-,,,
É,qVs,[qVs]]R~jeBhЃZ^[,ÉqVs]102-1,34.6894138,138.2031298,1,0,0,-,-,-,,,
É,as,[as]()a썂Z,ÉasV1450,35.2939084,138.9361143,1,0,0,-,-,-,,,
É,lsV,[ls]thЃZ^[,ÉlsVt쒬{1467-2,34.9815051,137.8963357,1,0,0,-,-,-,,,
É,lsV,[ls]RVlZ^[,ÉlsV旴RR248-2,35.0086196,137.8409843,1,0,0,-,-,-,,,
É,Îs,[Îs]˓cwZ,ÉÎs˓c883,34.9724527,138.7791736,1,0,0,-,-,-,,,
É,qSX,[X]ѓcwZ,ÉXѓc3310-1,34.8117411,137.9213282,1,0,0,-,-,-,,,
É,|s,[|s]Z^[,É|s|910-1,34.7770184,138.0212762,1,0,0,-,-,-,,,
É,ls,[ls]ۈ牀,Éls救㒬ٓV3885,34.6928995,137.6039997,1,0,0,-,-,-,,,
É,Îs,[Îs]ÎsZ^[,ÉÎsK15,35.095482,138.866006,1,0,0,-,-,-,,,
É,as,[as]a쏬wZ,Éas쓇c580,35.2956221,138.9318596,1,0,0,-,-,-,,,
É,ΌSɓ,[ɓ],ÉɓǗ97-2,34.8274792,138.7672513,1,0,0,-,-,-,,,
É,ɓ̍s,[ɓ̍s]xmct,Éɓ̍s1343,35.0648177,138.9492611,1,0,0,-,-,-,,,
É,Ésx͋,[És]cwZ,ÉÉsx͋ێq6-15-65,34.9462987,138.3504078,1,0,0,-,-,-,,,
É,}s,[}s]kwZ,É}sx͑2-11-1,34.8601563,138.2369548,1,0,0,-,-,-,,,
É,És,[És]ҏwZ,ÉÉs4-3-40,35.0269976,138.4848526,1,0,0,-,-,-,,,
É,Os,[Os]쏬wZ,ÉOsxc6-1,35.1097422,138.9178629,1,0,0,-,-,-,,,
É,lsV,[ls]()tkwZ,ÉlsVt쒬242-2,35.0315757,137.9803079,1,0,0,-,-,-,,,
É,És,[És]]KUwK𗬊,ÉÉs揬Œ3-35,35.0231702,138.4823557,1,0,0,-,-,-,,,
É,es,[es]nZ^[,Ées2300-1,34.7632015,138.0701624,1,0,0,-,-,-,,,
É,xms,[xms]gwZ,Éxms쒆28-1,35.1387706,138.7040837,1,0,0,-,-,-,,,
É,ĒÎs,[ĒÎs]5R~jeBhЃZ^[,ÉĒÎswk1-14-7,34.87516834,138.3203886,1,0,0,-,-,-,,,
É,es,[es]qV_wl̉,ÉesqV227-5,34.7476288,138.1349947,1,0,0,-,-,-,,,
É,|s,[|s]wZ,É|s633,34.770136,138.0050674,1,0,0,-,-,-,,,
É,cs,[cs]_wZ,Écs_1444,34.8742044,138.1082805,1,0,0,-,-,-,,,
É,lslk,[ls]ԍwZ,Élslk扗C2790,34.8375474,137.7971674,1,0,0,-,-,-,,,
É,És,[És]()É_ƍZ,ÉÉsÏ3-1-2,34.99429843,138.416304,1,0,0,-,-,-,,,
É,ls,[ls]鏬wZ,Éls挳钬102-1,34.7116732,137.7261757,1,0,0,-,-,-,,,
É,֓cs,[֓cs]xmwZ,É֓csxm4-9-5,34.7364957,137.8675332,1,0,0,-,-,-,,,
É,Îs,[Îs]򏬊wZ,ÉÎs|c76-1,35.12476791,138.817775,1,0,0,-,-,-,,,
É,|s,[|s]]䏬wZ,É|s̉384,34.7633756,137.9758336,1,0,0,-,-,-,,,
É,܈s,[܈s]Hct,É܈s1793,34.6811763,137.9330169,1,0,0,-,-,-,,,
É,qSX,[X]X,ÉXX1485,34.82697011,137.9193843,1,0,0,-,-,-,,,
É,ΌSɓ,[ɓ]쒆wZ,Éɓ80,34.6567409,138.8600018,1,0,0,-,-,-,,,
É,Ésx͋,[És]ۈ牀,ÉÉsx͋撆94,34.9538674,138.3920205,1,0,0,-,-,-,,,
É,܈s,[܈s]܈ct,É܈s3082]2,34.7422162,137.9338842,1,0,0,-,-,-,,,
É,|s,[|s]{ꏬwZ,É|s{1110,34.6799828,137.9846594,1,0,0,-,-,-,,,
É,xms,[xms]⏼wZ,Éxms2353-1,35.16834397,138.6308704,1,0,0,-,-,-,,,
É,es,[es]()}Z̈,Éesn1222-3,34.7334711,138.0960707,1,0,0,-,-,-,,,
É,lslk,[ls]klwZ,Élslk扡{800,34.7924365,137.7920888,1,0,0,-,-,-,,,
É,ɓ̍s,[ɓ̍s],Éɓ̍s346-1,35.028334,138.92858,1,0,0,-,-,-,,,
É,qVs,[qVs]ǒwZ,ÉqVs283,34.6872501,138.1977695,1,0,0,-,-,-,,,
É,֓cs,[֓cs]Lc쏬wZ,É֓csX300,34.7205463,137.8229908,1,0,0,-,-,-,,,
É,ĒÎs,[ĒÎs]ĒÓ쏬wZ,ÉĒÎsĒ5-5-1,34.8609877,138.3174012,1,0,0,-,-,-,,,
É,Ésx͋,[És]嗢UwKZ^[,ÉÉsx͋撆Vc57-5,34.9521926,138.3851656,1,0,0,-,-,-,,,
É,ɓs,[ɓs]wZ,ÉɓsK1-5,34.9680503,139.0923034,1,0,0,-,-,-,,,
É,}s,[}s]LwZ,É}sS424,34.8901729,138.2820556,1,0,0,-,-,-,,,
É,ΌS͒Ò,[͒Ò]ꂩ,É͒ÒÔ839]1,34.76887642,138.9659223,1,0,0,-,-,-,,,
É,MCs,[MCs]()MCZ,ÉMCs1484-22,35.0532871,139.0651525,1,0,0,-,-,-,,,
É,Ésx͋,[És]嗢wZ,ÉÉsx͋撆Vc57-5,34.95199035,138.3846077,1,0,0,-,-,-,,,
É,cs,[cs]NC̉,Écsc217,34.64113029,138.9112224,1,0,0,-,-,-,,,
É,lsV,[ls]㈢ÏwZ,ÉlsV搼1318,34.9122978,137.7634498,1,0,0,-,-,-,,,
É,ΌS͒Ò,[͒Ò]P,É͒ÒP43-1,34.7765514,138.9522776,1,0,0,-,-,-,,,
É,És,[És]wZ,ÉÉs掳919,35.1599612,138.5185565,1,0,0,-,-,-,,,
É,Îs,[Îs]R~jeBZ^[,ÉÎs175-1,35.07918708,138.8617309,1,0,0,-,-,-,,,
É,Îs,[Îs]ÉYwZ,ÉÎsql17,35.051131,138.885468,1,0,0,-,-,-,,,
É,qSX,[X]cnR~jeBhЃZ^[,ÉXJ513-1,34.81114289,137.9012763,1,0,0,-,-,-,,,
É,xms,[xms]gꒆwZ,Éxmsick7-1,35.1650258,138.6766477,1,0,0,-,-,-,,,
É,ΌSɓ,[ɓ]NiZ^[,Éɓm395,34.77142574,138.7757,1,0,0,-,-,-,,,
É,lsk,[ls]OwZ,ÉlskOO301-1,34.8091867,137.5536301,1,0,0,-,-,-,,,
É,ĒÎs,[ĒÎs]`hЃZ^[,ÉĒÎsџ2160,34.7798588,138.2976253,1,0,0,-,-,-,,,
É,YS썪{,[썪{]B&GCmZ^[,É썪{1220,35.102992,138.140072,1,0,0,-,-,-,,,
É,s,[s][ǒwZ,És[3806,35.2039485,138.9274148,1,0,0,-,-,-,,,
É,És,[És]s񌩏wZ,ÉÉsVΒ2-21,34.9954568,138.4891254,1,0,0,-,-,-,,,
É,܈s,[܈s]H,É܈s~R63-1,34.6877339,137.9337638,1,0,0,-,-,-,,,
É,Ésx͋,[És]cwZ,ÉÉsx͋ێq1-1-1,34.9474737,138.3596736,1,0,0,-,-,-,,,
É,qVs,[qVs]qVwZ,ÉqVs2079-9,34.7581333,138.1367829,1,0,0,-,-,-,,,
É,ĒÎs,[ĒÎs]ĒÎs,ÉĒÎso600,34.8758934,138.3045538,1,0,0,-,-,-,,,
É,ls,[ls]wZ,Éls撆񒚖2-1,34.7118068,137.7388139,1,0,0,-,-,-,,,
É,ɓ̍s,[ɓ̍s]ijmwZ,Éɓ̍s1930,35.0100976,138.9911418,1,0,0,-,-,-,,,
É,YS썪{,[썪{]썪ꏬwZ,É썪{R100,35.0755772,138.1088191,1,0,0,-,-,-,,,
É,ΌSɓ,[ɓ]揬wZ,Éɓ614-1,34.7697717,139.0387612,1,0,0,-,-,-,,,
É,cs,[cs]()cZ,Écsɑ2075-1,34.847248,138.1531854,1,0,0,-,-,-,,,
É,܈s,[܈s]Rct,É܈sR831-1,34.7911295,137.9072833,1,0,0,-,-,-,,,
É,Os,[Os]k㏬wZ,ÉOsq844]1,35.1492827,138.913468,1,0,0,-,-,-,,,
É,lsk,[ls]암wZ,Élsk426,34.8348508,137.6624963,1,0,0,-,-,-,,,
É,s,[s]{RwZ,És{R1502-1,35.248884,138.8534925,1,0,0,-,-,-,,,
É,ɓs,[ɓs]xW,ÉɓsۂRPR?P,34.92487397,138.999694,1,0,0,-,-,-,,,
É,as,[as]쒆wZ,Éas1327,35.2915032,138.9311403,1,0,0,-,-,-,,,
É,ls,[ls]암wZ,Éls旴T706,34.6943563,137.7384395,1,0,0,-,-,-,,,
É,ls,[ls]anwZ,ÉlsΓ2005,34.7665953,137.6666156,1,0,0,-,-,-,,,
É,Îs,[Îs]яwZ,ÉÎsђ986,35.0822264,138.8843797,1,0,0,-,-,-,,,
É,Ésx͋,[És]cUwKZ^[,ÉÉsx͋掛c131-1,34.9392358,138.3586267,1,0,0,-,-,-,,,
É,ls,[ls]]wZ,Éls_c123,34.6885179,137.7268432,1,0,0,-,-,-,,,
É,Îs,[Îs]()wZ,ÉÎs剪1973,35.11639723,138.8691924,1,0,0,-,-,-,,,
É,ĒÎs,[ĒÎs]`wZ,ÉĒÎscKk584,34.8383933,138.3300943,1,0,0,-,-,-,,,
É,ɓs,[ɓs]CPwZ,ÉɓsCP3244,34.9694885,138.9174185,1,0,0,-,-,-,,,
É,És,[És]DzVlZ^[(֒),ÉÉsDz1,34.9993447,138.4677077,1,0,0,-,-,-,,,
É,És,[És]ˋ@kwZ,ÉÉsU234-1,35.1081786,138.3673136,1,0,0,-,-,-,,,
É,ΐs,[ΐs]lʎxwZ,ÉΐsVl1855-71,34.6866581,137.5395534,1,0,0,-,-,-,,,
É,ΌSɓ,[ɓ]cq,Éɓcq2640?1,34.80289107,138.7635577,1,0,0,-,-,-,,,
É,lsk,[ls]scwZ,Élsksc5824-18,34.832986,137.7203856,1,0,0,-,-,-,,,
É,ɓs,[ɓs]CP,ÉɓsCP838-1,34.972569,138.9329026,1,0,0,-,-,-,,,
É,xms,[xms](s)Vԗct,ÉxmsV1047-1,35.2091174,138.6427613,1,0,0,-,-,-,,,
É,es,[es]xVwZ,Ées2140,34.7625487,138.0743955,1,0,0,-,-,-,,,
É,És,[És]wZ,ÉÉs3-13-1,34.9930266,138.384295,1,0,0,-,-,-,,,
É,És,[És]cwZ,ÉÉsc5-70,34.9673157,138.3668057,1,0,0,-,-,-,,,
É,És,[És]ˋ@쏬wZ,ÉÉs揼x3-1-46,35.0144823,138.3747206,1,0,0,-,-,-,,,
É,cs,[cs]wZ,ÉcsŌ224,34.7229346,138.9259523,1,0,0,-,-,-,,,
É,És,[És]{ۈ牀,ÉÉs{cn3-1,35.0203455,138.3647492,1,0,0,-,-,-,,,
É,MCs,[MCs]MCwZ,ÉMCsR7-7,35.106528,139.0751822,1,0,0,-,-,-,,,
É,ΌS͒Ò,[͒Ò]t,É͒Òt371-4,34.7561324,138.9477786,1,0,0,-,-,-,,,
É,És,[És]ʎxZ^[,ÉÉsԒ50,34.97634765,138.3729038,1,0,0,-,-,-,,,
É,ΐs,[ΐs]hÏwZ,Éΐsh670,34.7129084,137.5410694,1,0,0,-,-,-,,,
É,|s,[|s]lwZ,É|sl5849,34.659396,138.0749005,1,0,0,-,-,-,,,
É,es,[es]cnR~jeBZ^[,Éesc1237,34.6953456,138.0800235,1,0,0,-,-,-,,,
É,es,[es]nnZ^[,Éesy28,34.7295048,138.0930294,1,0,0,-,-,-,,,
É,És,[És]kۈ牀,ÉÉsk758-1,35.0351559,138.424555,1,0,0,-,-,-,,,
É,És,[És](s)ÉsZ,ÉÉsc3-1-1,34.9932407,138.3988243,1,0,0,-,-,-,,,
É,as,[as]ʕ䏬wZ,Éas441,35.3162199,138.906174,1,0,0,-,-,-,,,
É,܈s,[܈s]É_ƋgNEx,É܈sR219,34.7543112,137.899946,1,0,0,-,-,-,,,
É,܈s,[܈s]܈k,É܈sv\1330-2,34.7582697,137.9195131,1,0,0,-,-,-,,,
É,qSX,[X]XwZ,ÉXV{888-1,34.8450622,137.9325431,1,0,0,-,-,-,,,
É,ΌSɓ,[ɓ]ۈ珊,Éɓ吣7,34.6152856,138.8572432,1,0,0,-,-,-,,,
É,Ésx͋,[És]c쒆wZ,ÉÉsx݂͋3-9-1,34.9377221,138.3681231,1,0,0,-,-,-,,,
É,cs,[cs]ܘawZ,Écs435,34.846878,138.1223823,1,0,0,-,-,-,,,
É,ΐs,[ΐs]{ꒆwZ,Éΐs{986,34.6840876,137.5077813,1,0,0,-,-,-,,,
É,ĒÎs,[ĒÎs]nhЃZ^[,ÉĒÎs2025,34.80822234,138.3177289,1,0,0,-,-,-,,,
É,|s,[|s]uwZ,É|sx716,34.7825178,137.9752499,1,0,0,-,-,-,,,
É,ls,[ls]VwZ,Éls旴43,34.721869,137.7873738,1,0,0,-,-,-,,,
É,֓cs,[֓cs]_wZ,É֓csc2262-74,34.717893,137.8878291,1,0,0,-,-,-,,,
É,xms,[xms]gwZ,Éxms3-4-2,35.1399122,138.7162628,1,0,0,-,-,-,,,
É,as,[as]XVct,Éas쓇c451-3,35.296384,138.927155,1,0,0,-,-,-,,,
É,cs,[cs]c񒆊wZ,Écsw77-1,34.8439681,138.174408,1,0,0,-,-,-,,,
É,ɓ̍s,[ɓ̍s]BRwZ,Éɓ̍sl350-1,35.0555909,138.948089,1,0,0,-,-,-,,,
É,ĒÎs,[ĒÎs]acwZ,ÉĒÎscK1984,34.8264615,138.3208707,1,0,0,-,-,-,,,
É,És,[És]mȒwZ,ÉÉs匴1398-1,35.0091641,138.2818504,1,0,0,-,-,-,,,
É,xS,[]쏬wZ,É򒬒|100,35.1224216,138.894223,1,0,0,-,-,-,,,
É,ls,[ls]wZ,Éls_5,34.717079,137.7581265,1,0,0,-,-,-,,,
É,ls,[ls]}䒆wZ,Éls}䒬1055,34.7712246,137.7928205,1,0,0,-,-,-,,,
É,lsV,[ls]RwZ,ÉlsV97-3,34.8935742,137.8593698,1,0,0,-,-,-,,,
É,cs,[cs]()cƍZ,ÉcsL8707,34.8343944,138.184365,1,0,0,-,-,-,,,
É,lsV,[ls]()񖓍Z,ÉlsV񖓒196-2,34.8656334,137.8171342,1,0,0,-,-,-,,,
É,lsV,[ls]Y쏬wZ,ÉlsV捲vԒY2819,35.0551159,137.7647297,1,0,0,-,-,-,,,
É,cs,[cs]썪Z^[`21,Écs썪ƎR1173-1,34.9378216,138.0697451,1,0,0,-,-,-,,,
É,És,[És]ۈ牀,ÉÉs扡17-5,35.044284,138.502787,1,0,0,-,-,-,,,
É,xS,[]݂̋,É򒬉y971,35.1379813,138.8938698,1,0,0,-,-,-,,,
É,ls,[ls]acwZ,ÉlsԒ437-2,34.7209859,137.7893375,1,0,0,-,-,-,,,
É,cs,[cs]ꏬwZ,Écs875,34.8736525,138.1349336,1,0,0,-,-,-,,,
É,És,[És]()CwZw,ÉÉs{O101,34.9828949,138.4048907,1,0,0,-,-,-,,,
É,}s,[}s]twZ,É}sV111-1,34.894591,138.2484175,1,0,0,-,-,-,,,
É,es,[es]tR~jeBZ^[,Éest1-12-2,34.7578718,138.0954247,1,0,0,-,-,-,,,
É,lsk,[ls]wZ,Élsk揉1001-2,34.7689061,137.7275535,1,0,0,-,-,-,,,
É,ls,[ls]ct,Éls救㒬2668-33,34.6799955,137.6103628,1,0,0,-,-,-,,,
É,|s,[|s]⏬wZ,É|s3-1,34.8026896,138.0728446,1,0,0,-,-,-,,,
É,Îs,[Îs]wZ,ÉÎs811,35.1472045,138.7841852,1,0,0,-,-,-,,,
É,ls,[ls]VÒwZ,ÉlsV748,34.6833626,137.7013344,1,0,0,-,-,-,,,
É,xSR,[R]N,ÉRR75-7,35.3604992,138.9933005,1,0,0,-,-,-,,,
É,És,[És]UwKZ^[,ÉÉsc7-8-5,35.0013816,138.405965,1,0,0,-,-,-,,,
É,És,[És]mȏzZ,ÉÉs揬z1756-1,34.9984559,138.2435858,1,0,0,-,-,-,,,
É,܈s,[܈s]쏬wZ,É܈sc306-2,34.7347087,137.9347621,1,0,0,-,-,-,,,
É,xm{s,[xm{s]xuwZ,Éxm{st489-4,35.2429785,138.596698,1,0,0,-,-,-,,,
É,as,[as]쏬wZ,Éas1710,35.300994,138.8775233,1,0,0,-,-,-,,,
É,Ésx͋,[És]LcwZ,ÉÉsx͋Lc1-3-1,34.9712242,138.4090295,1,0,0,-,-,-,,,
É,És,[És]͓wZ,ÉÉs搼143,35.1217955,138.4435156,1,0,0,-,-,-,,,
É,܈s,[܈s]()܈䏤ƍZ,É܈sv\2350,34.7666102,137.9160912,1,0,0,-,-,-,,,
É,Îs,[Îs]wZ,ÉÎs_c4-1,35.1164801,138.8663056,1,0,0,-,-,-,,,
É,ΌSɓ,[ɓ]()捂Z,Éɓ3012-2,34.7812043,139.0478879,1,0,0,-,-,-,,,
É,xms,[xms]򏬊wZ,Éxms3-17-1,35.1623624,138.6978344,1,0,0,-,-,-,,,
É,Îs,[Îs]()򗴍Z,ÉÎsF491,35.1169717,138.8674833,1,0,0,-,-,-,,,
É,ls,[ls]䒆wZ,ÉlsZgܒ19-1,34.7354627,137.7305437,1,0,0,-,-,-,,,
É,ΌSɓ,[ɓ]ԐPZ^[,ÉɓԎI947,34.629957,138.811107,1,0,0,-,-,-,,,
É,ɓs,[ɓs]rwZ,Éɓsr477-2,34.8922683,139.0856864,1,0,0,-,-,-,,,
É,xms,[xms]啣wZ,Éxms啣2920,35.2125343,138.688176,1,0,0,-,-,-,,,
É,ls,[ls]ɍwZ,Élsɍn5644,34.7453981,137.6554561,1,0,0,-,-,-,,,
É,as,[as]̉nR~jeBp{,Éas̉13-1,35.29083773,138.9455945,1,0,0,-,-,-,,,
É,ls,[ls]͂܂䂤},Élsl1750-394,34.7378577,137.6575533,1,0,0,-,-,-,,,
É,ɓs,[ɓs]y쐶PZ^[,ÉɓsyTSQ,34.9218004,138.7870513,1,0,0,-,-,-,,,
É,Îs,[Îs]wZ,ÉÎs]3-1,35.1194715,138.8613502,1,0,0,-,-,-,,,
É,s,[s]wZ,És1143,35.1777515,138.9046265,1,0,0,-,-,-,,,
É,ls,[ls]uwZ,Éls捂uO51-1,34.7624092,137.7165715,1,0,0,-,-,-,,,
É,YS썪{,[썪{]{썪wZ,É썪{c530,35.1022935,138.1281246,1,0,0,-,-,-,,,
É,ΌS͒Ò,[͒Ò]l,É͒Ò217,34.75338085,139.0085071,1,0,0,-,-,-,,,
É,És,[És]()É听wEZ,ÉÉs鏠2-4-18,34.97832,138.3888145,1,0,0,-,-,-,,,
É,܈s,[܈s]c_ǗZ^[,É܈sVr3078,34.727704,137.908378,1,0,0,-,-,-,,,
É,s,[s]xct,Ésac890,35.2322539,138.8737344,1,0,0,-,-,-,,,
É,És,[És]yۈ牀,ÉÉsÏ4-2-11,34.99901,138.4159975,1,0,0,-,-,-,,,
É,|s,[|s]wZ,É|s㐼2606-2,34.8062407,138.0127323,1,0,0,-,-,-,,,
É,cs,[cs]()cZ,Écs@䎛152,34.697998,138.9343525,1,0,0,-,-,-,,,
É,qVs,[qVs]nct,ÉqVsn281,34.6319112,138.1893401,1,0,0,-,-,-,,,
É,ls,[ls]FkwZ,Éls擪Ɏ1046-1,34.6989314,137.7609767,1,0,0,-,-,-,,,
É,ĒÎs,[ĒÎs]VcnhЃZ^[,ÉĒÎsVc1853-1,34.7941658,138.3069824,1,0,0,-,-,-,,,
É,ΌS͒Ò,[͒Ò],É͒Ò285,34.76322276,138.9787047,1,0,0,-,-,-,,,
É,Îs,[Îs]蒆wZ,ÉÎsYd{453,35.02115896,138.8830212,1,0,0,-,-,-,,,
É,És,[És]ʐ쒆wZ,ÉÉs旎840,35.11043529,138.3337103,1,0,0,-,-,-,,,
É,YSgc,[gc]wZ,Égc_1748-2,34.7856591,138.2404688,1,0,0,-,-,-,,,
É,És,[És]lwZ,ÉÉs摺683-1,34.9906155,138.4866702,1,0,0,-,-,-,,,
É,qVs,[qVs]ÔgR~jeBhЃZ^[,ÉqVsÔg2130-5,34.7334353,138.2255688,1,0,0,-,-,-,,,
É,Os,[Os]wZ,ÉOs226-5,35.0853393,138.914658,1,0,0,-,-,-,,,
É,qVs,[qVs]ЕlwZ,ÉqVsЕl1210,34.7138826,138.2127245,1,0,0,-,-,-,,,
É,És,[És]ÏwZ,ÉÉs拻Ò350-1,35.0548583,138.5259341,1,0,0,-,-,-,,,
É,es,[es]cnZ^[,Éesc1730,34.7257363,138.0734553,1,0,0,-,-,-,,,
É,s,[s]xwZ,Ésh579,35.2003766,138.903837,1,0,0,-,-,-,,,
É,cs,[cs]qwZ,Écs132,34.804562,138.2278417,1,0,0,-,-,-,,,
É,ls,[ls]x˒wZ,Élsx˒460-1,34.7226052,137.7034714,1,0,0,-,-,-,,,
É,lslk,[ls]wZ,Élslk撆3648-1,34.8240197,137.8109108,1,0,0,-,-,-,,,
É,es,[es],Ées1647,34.70183778,138.0901586,1,0,0,-,-,-,,,
É,as,[as]_RwZ,Éas_R478-2,35.2322969,138.9231458,1,0,0,-,-,-,,,
É,És,[És]DwZ,ÉÉsH1-8-1,34.9809721,138.3444076,1,0,0,-,-,-,,,
É,|s,[|s]kwZ,É|s㐼220-2,34.7913395,138.0161491,1,0,0,-,-,-,,,
É,cS쒬,[쒬]OߏwZ,É쒬O443,35.1063565,139.019579,1,0,0,-,-,-,,,
É,xSR,[R]RZ,ÉR|V369,35.3287527,138.9752567,1,0,0,-,-,-,,,
É,Ésx͋,[És]쒆wZ,ÉÉsx͋{|2-11-1,34.9510237,138.4183904,1,0,0,-,-,-,,,
É,cs,[cs]_J鐼,Écs_J1449,34.80634196,138.1189522,1,0,0,-,-,-,,,
É,ls,[ls]()BlwZ,Éls打Bl񒚖9-1,34.6584039,137.7677256,1,0,0,-,-,-,,,
É,És,[És]ʐ쏬wZ,ÉÉs旎103-3,35.11636371,138.3268868,1,0,0,-,-,-,,,
É,ΌSɓ,[ɓ]ɓwZ,Éɓ1721,34.648858,138.8861595,1,0,0,-,-,-,,,
É,s,[s]sZ^[,ÉsΘe586,35.1995433,138.9144136,1,0,0,-,-,-,,,
É,És,[És]lcwZ,ÉÉslc11-1,35.0131548,138.4829921,1,0,0,-,-,-,,,
É,Ésx͋,[És](s)ÉsƍZ,ÉÉsx͋L3-4-17,34.9632723,138.4104241,1,0,0,-,-,-,,,
É,es,[es]nZ^[,ÉesxV70-1,34.7578073,138.0835038,1,0,0,-,-,-,,,
É,|s,[|s]基wZ,É|s基5602,34.6720235,138.012527,1,0,0,-,-,-,,,
É,Îs,[Îs]˗zZ,ÉÎs{8-52,35.110764,138.857691,1,0,0,-,-,-,,,
É,|s,[|s]cwZ,É|sc3325,34.7479006,138.0420647,1,0,0,-,-,-,,,
É,xms,[xms]uwZ,Éxms2075,35.1893423,138.6646764,1,0,0,-,-,-,,,
É,lsV,[ls]uwZ,ÉlsVR2701,34.875521,137.823078,1,0,0,-,-,-,,,
É,}s,[}s]()}Z,É}sV1-7-1,34.8768828,138.2617551,1,0,0,-,-,-,,,
É,ls,[ls]^ikwZ,Élss쒬2715,34.7467177,137.7654328,1,0,0,-,-,-,,,
É,ls,[ls]䒆wZ,Éls捲O32-1,34.7067124,137.698445,1,0,0,-,-,-,,,
É,ɓs,[ɓs]쒆wZ,Éɓsc1281-63,34.9449493,139.0864913,1,0,0,-,-,-,,,
É,ĒÎs,[ĒÎs]lڃR~jeBhЃZ^[,ÉĒÎsl3-13-25,34.87894285,138.3312171,1,0,0,-,-,-,,,
É,ΌS蒬,[蒬]()OYwZ,É蒬Ε279,34.7226038,138.7608948,1,0,0,-,-,-,,,
É,Ésx͋,[És]xmۈ牀,ÉÉsx͋xm2-11-44,34.9631336,138.4179929,1,0,0,-,-,-,,,
É,ΌSɓ,[ɓ]ɓwZ,Éɓ753-1,34.7733483,138.7810002,1,0,0,-,-,-,,,
É,es,[es]}wZ,Ées1348-2,34.7009749,138.1144478,1,0,0,-,-,-,,,
É,És,[És]()ÉZ,ÉÉsqPJ680-1,34.9713457,138.3504322,1,0,0,-,-,-,,,
É,xms,[xms]⏼wZ,Éxms850,35.1645252,138.6330343,1,0,0,-,-,-,,,
É,xm{s,[xm{s]xm{OwZ,Éxm{s쒆658,35.2194649,138.6032392,1,0,0,-,-,-,,,
É,ls,[ls]LwZ,ÉlsL1551,34.7672924,137.8042329,1,0,0,-,-,-,,,
É,Îs,[Îs]()ÍHƍZ,ÉÎsєd129-1,35.08721078,138.8779506,1,0,0,-,-,-,,,
É,Ésx͋,[És]cCbZÉ,ÉÉsx͋ȋ3-1-10,34.9710797,138.4059493,1,0,0,-,-,-,,,
É,qVs,[qVs]Ǘct,ÉqVs249-2,34.684481,138.2016552,1,0,0,-,-,-,,,
É,És,[És]܌˘VlZ^[Hߑ,ÉÉs܌4-8-53,34.9904489,138.5136284,1,0,0,-,-,-,,,
É,Îs,[Îs]ijÒoʎxwZ,ÉÎs4-1,35.110913,138.863495,1,0,0,-,-,-,,,
É,ls,[ls]wZ,Éls摝y700,34.6876758,137.6908436,1,0,0,-,-,-,,,
É,Ésx͋,[És]c쏬wZ,ÉÉsx͋L4-7-1,34.9277258,138.3693593,1,0,0,-,-,-,,,
É,Ésx͋,[És]wZ,ÉÉsx͋撆2992-1,34.9410745,138.3995646,1,0,0,-,-,-,,,
É,xms,[xms]`@wZ,Éxms`@2743,35.170028,138.6700011,1,0,0,-,-,-,,,
É,ɓ̍s,[ɓ̍s]BR̈,Éɓ̍sBRBR392-1,35.0525582,138.9538275,1,0,0,-,-,-,,,
É,ɓ̍s,[ɓ̍s]kwZ,Éɓ̍s]1200,35.0538044,138.926107,1,0,0,-,-,-,,,
É,Ésx͋,[És]()ÉoʎxwZ,ÉÉsx͋ȋ6-1-6,34.9796788,138.4092932,1,0,0,-,-,-,,,
É,És,[És]Lx񏬊wZ,ÉÉs摐㐙3-19-1,35.0012468,138.4507535,1,0,0,-,-,-,,,
É,ls,[ls]wZ,Éls抛]70-1,34.7062708,137.7211097,1,0,0,-,-,-,,,
É,ΌSɓ,[ɓ]ɓwZ,Éɓ243,34.6491247,138.8851817,1,0,0,-,-,-,,,
É,xSR,[R]{wZ,ÉR{99-1,35.3649995,138.8689139,1,0,0,-,-,-,,,
É,És,[És]()ÉkZ,ÉÉs搣5-14-1,35.0270763,138.4220219,1,0,0,-,-,-,,,
É,És,[És]N̉,ÉÉs329,35.1212607,138.2146344,1,0,0,-,-,-,,,
É,ls,[ls]YZ^[,ÉlsYFz5427,34.7016669,137.6345433,1,0,0,-,-,-,,,
É,ls,[ls]Ÿ,ÉlsYFz9981-1,34.7031494,137.617437,1,0,0,-,-,-,,,
É,ls,[ls]YwZ,ÉlsYFz7997-1,34.7016002,137.632974,1,0,0,-,-,-,,,
É,ΌSɓ,[ɓ]M쒆wZ,Éɓޗǖ{1296-3,34.8153538,139.0535696,1,0,0,-,-,-,,,
É,ls,[ls]TwZ,Éls旴T844,34.6982753,137.7429447,1,0,0,-,-,-,,,
É,És,[És]Oەۈ牀,ÉÉsO1601,34.999422,138.522721,1,0,0,-,-,-,,,
É,ΌSɓ,[ɓ]ăR~jeB[hЃZ^[,ÉɓFv{202-106,34.84634119,138.7698843,1,0,0,-,-,-,,,
É,܈s,[܈s]쒆wZ,É܈sR1-1-1,34.7768922,137.9092557,1,0,0,-,-,-,,,
É,ΌS͒Ò,[͒Ò]剁,É͒ÒÔ1157,34.76925582,138.9739604,1,0,0,-,-,-,,,
É,És,[És]]ۈ牀,ÉÉs]1-13-15,35.019106,138.479328,1,0,0,-,-,-,,,
É,És,[És]쏬wZ,ÉÉs揼598-2,35.076427,138.3673534,1,0,0,-,-,-,,,
É,cs,[cs]cwZ,Écs~765-1,34.6816134,138.9291953,1,0,0,-,-,-,,,
É,}s,[}s]wZ,É}su5-1-1,34.8598736,138.25467,1,0,0,-,-,-,,,
É,Îs,[Îs]ЕlwZ,ÉÎszK180,35.1066105,138.8394687,1,0,0,-,-,-,,,
É,es,[es]e쓌wZ,Ées{670,34.7620911,138.0973241,1,0,0,-,-,-,,,
É,Ésx͋,[És]xmwZ,ÉÉsx͋oC1-1-1,34.960642,138.4099187,1,0,0,-,-,-,,,
É,MCs,[MCs]ꏬwZ,ÉMCsR41-1,35.1012869,139.0674108,1,0,0,-,-,-,,,
É,xm{s,[xm{s]xmwZ,Éxm{so918-1,35.3207912,138.5879416,1,0,0,-,-,-,,,
É,cs,[cs]Rss𗬃Z^[,Écs썪ԏ391,35.0068133,138.1452294,1,0,0,-,-,-,,,
É,s,[s][Ǖۈ牀,És[1918,35.2014181,138.9192241,1,0,0,-,-,-,,,
É,|s,[|s]wZ,É|s1474,34.7164801,138.053323,1,0,0,-,-,-,,,
É,xms,[xms]xm񏬊wZ,Éxms1-8-1,35.1476334,138.6539108,1,0,0,-,-,-,,,
É,És,[És]OۑꏬwZ,ÉÉsO1069-1,35.0010535,138.522188,1,0,0,-,-,-,,,
É,xms,[xms]cqYwZ,Éxms411,35.1356348,138.6689401,1,0,0,-,-,-,,,
É,as,[as]wZ,Éas쓇c84-1,35.2909087,138.9254244,1,0,0,-,-,-,,,
É,YS썪{,[썪{]()썪Z,É썪{R1644-1,35.0756689,138.1138604,1,0,0,-,-,-,,,
É,lsV,[ls]R҃R~jeBZ^[,ÉlsV旴R1279-3,34.990653,137.7826151,1,0,0,-,-,-,,,
É,lsk,[ls]ROEh R̈Z^[,ÉlskR1550-1,34.8493645,137.6226133,1,0,0,-,-,-,,,
É,ls,[ls]xˏwZ,Élsx˒1803,34.7263159,137.7034545,1,0,0,-,-,-,,,
É,s,[s][ǃR~jeBZ^[,És[657,35.2032401,138.9185352,1,0,0,-,-,-,,,
É,lslk,[ls]eʏwZ,Élslk{262,34.829453,137.7706367,1,0,0,-,-,-,,,
É,És,[És]{쒆wZ,ÉÉs2-11-1,34.9632579,138.3684334,1,0,0,-,-,-,,,
É,És,[És]LwZ,ÉÉs斖L41,34.9829167,138.3721825,1,0,0,-,-,-,,,
É,Îs,[Îs]YwZ,ÉÎsY225-1,35.01926186,138.8564019,1,0,0,-,-,-,,,
É,Os,[Os]rVc,ÉOsrVc3262,34.648177,138.1290516,1,0,0,-,-,-,,,
É,es,[es]cwZ,Éesc1637,34.7260502,138.0734554,1,0,0,-,-,-,,,
É,ls,[ls]쒆wZ,Éls쒬17059,34.7017848,137.6769972,1,0,0,-,-,-,,,
É,xSR,[R]wZ,ÉR|V2411-1,35.3327384,138.9834281,1,0,0,-,-,-,,,
É,És,[És]k̈,ÉÉs揼x4-14-1,35.0183291,138.3730735,1,0,0,-,-,-,,,
É,ls,[ls]SwZ,Éls撆S915,34.7708822,137.7740165,1,0,0,-,-,-,,,
É,ls,[ls]ѓcwZ,Élsѓc978,34.7063756,137.7741338,1,0,0,-,-,-,,,
É,es,[es]ΏwZ,Ées5114,34.7448943,138.0829743,1,0,0,-,-,-,,,
É,Os,[Os]q,ÉOsq361-1,34.6294922,138.1567297,1,0,0,-,-,-,,,
É,ΐs,[ΐs]{ꏬwZ,Éΐs{5030,34.6846431,137.5073063,1,0,0,-,-,-,,,
É,ΌS͒Ò,[͒Ò],É͒Ò246-2,34.78137666,138.9303911,1,0,0,-,-,-,,,
É,֓cs,[֓cs]cwZ,É֓cs380,34.6836666,137.8762294,1,0,0,-,-,-,,,
É,És,[És]͓wZ,ÉÉsac303,35.1077647,138.4789295,1,0,0,-,-,-,,,
É,És,[És]Ökۈ牀,ÉÉs攪؊Ԓ478,35.065442,138.520927,1,0,0,-,-,-,,,
É,܈s,[܈s]ᑐct,É܈sxz766-1,34.7580389,137.9103364,1,0,0,-,-,-,,,
É,xms,[xms]t䏬wZ,ÉxmsF295,35.1887288,138.6979505,1,0,0,-,-,-,,,
É,xms,[xms]LwZ,ÉxmsL{1-1,35.1847901,138.686077,1,0,0,-,-,-,,,
É,És,[És]R䒆wZ,ÉÉsR456,35.11031629,138.5620858,1,0,0,-,-,-,,,
É,lslk,[ls]eʒwZ,Élslk{4847,34.8344495,137.7692284,1,0,0,-,-,-,,,
É,ls,[ls]㏬wZ,Éls救㒬76,34.6858923,137.6114155,1,0,0,-,-,-,,,
É,És,[És]()썂Z,ÉÉs܌3-2-1,34.9838523,138.5104846,1,0,0,-,-,-,,,
É,ΌSɓ,[ɓ]ΒwZ̈,ÉɓFv{862-6,34.8483589,138.7843143,1,0,0,-,-,-,,,
É,qVs,[qVs]qVۈ牀,ÉqVs1987-50,34.75929389,138.1359329,1,0,0,-,-,-,,,
É,Os,[Os],ÉOs剮2060-2,34.6533864,138.1025316,1,0,0,-,-,-,,,
É,ΌS͒Ò,[͒Ò]c,É͒Òc187-7,34.75602061,138.9889262,1,0,0,-,-,-,,,
É,ls,[ls]}䏬wZ,Éls}䒬1050,34.7722941,137.7955423,1,0,0,-,-,-,,,
É,Os,[Os]RcwZ,ÉOs쌴J812,35.1333015,138.9341941,1,0,0,-,-,-,,,
É,lsV,[ls]ERJZ^[,ÉlsV搅Ẻ2965-1,35.1646044,137.8687343,1,0,0,-,-,-,,,
É,Ésx͋,[És]I[Ncicxj,ÉÉsx͋쌴13-1,34.9459044,138.3654092,1,0,0,-,-,-,,,
É,cS쒬,[쒬]_PZ^[,É쒬O333-1,35.1044174,139.0133603,1,0,0,-,-,-,,,
É,És,[És]ꒆwZ,ÉÉs{㒬5-55,35.0267809,138.4833639,1,0,0,-,-,-,,,
É,És,[És]()ÉkZ,ÉÉsk2-3-2,34.9956262,138.3847643,1,0,0,-,-,-,,,
É,És,[És]ct,ÉÉs548-1,35.221278,138.2387621,1,0,0,-,-,-,,,
É,Os,[Os]ތ,ÉOs㒩2681-1,34.6676558,138.1470216,1,0,0,-,-,-,,,
É,}s,[}s]kwZ,É}sx͑1-11-1,34.860662,138.2423793,1,0,0,-,-,-,,,
É,ĒÎs,[ĒÎs]`wZ,ÉĒÎsΒÍ`40-2,34.8407819,138.3273306,1,0,0,-,-,-,,,
É,Ésx͋,[És]Lcۈ牀,ÉÉsx͋捑gc6-7-29,34.9903393,138.4365184,1,0,0,-,-,-,,,
É,cs,[cs],Écsg883-1,34.6632931,138.9177031,1,0,0,-,-,-,,,
É,És,[És]X|[cZ^[,ÉÉs扡408-38,35.0377658,138.5005037,1,0,0,-,-,-,,,
É,}s,[}s]FwZ,É}s퍶q500,34.8269826,138.2593896,1,0,0,-,-,-,,,
É,Ésx͋,[És]()ÉwEZ,ÉÉsx͋씪1,34.9638359,138.3997889,1,0,0,-,-,-,,,
É,xS,[]()ÏƍZ,Éq1206,35.08424496,138.8904377,1,0,0,-,-,-,,,
É,as,[as]ʕPۈ牀,ÉasΑ1322-1,35.3034512,138.9251296,1,0,0,-,-,-,,,
É,|s,[|s]Rn搶UwKZ^[,É|sR1256-1,34.83657922,138.0772025,1,0,0,-,-,-,,,
É,lsV,[ls]㈢ÂӂꂠZ^[,ÉlsV搼1555,34.9105453,137.7618694,1,0,0,-,-,-,,,
É,És,[És](sjuZ,ÉÉsu7-15,35.0100466,138.4781759,1,0,0,-,-,-,,,
É,Os,[Os]Hct,ÉOsH3250-46,34.61138,138.1887895,1,0,0,-,-,-,,,
É,YS썪{,[썪{]wZ,É썪{㒷1000,35.0442281,138.0821808,1,0,0,-,-,-,,,
É,Îs,[Îs](s)ÍZE,ÉÎsO˖673,35.11267559,138.8672866,1,0,0,-,-,-,,,
É,ls,[ls]wZ,Élsѓc1038,34.7030371,137.7738839,1,0,0,-,-,-,,,
É,Os,[Os]kǂ,ÉOs㒩2692-12,34.6693167,138.1479353,1,0,0,-,-,-,,,
É,ĒÎs,[ĒÎs]ΏwZ,ÉĒÎsZ1246,34.8507364,138.3006315,1,0,0,-,-,-,,,
É,xS,[]쏬wZ,É182-1,35.090733,138.9066254,1,0,0,-,-,-,,,
É,cS쒬,[쒬]wZ,É쒬J540,35.0782659,138.953594,1,0,0,-,-,-,,,
É,܈s,[܈s]H,É܈s410-1,34.7024596,137.9158627,1,0,0,-,-,-,,,
É,És,[És]ď㒆wZ,ÉÉs敽a2-2-1,34.9918989,138.3666494,1,0,0,-,-,-,,,
É,s,[s]hۈ牀,Ésh1619-1,35.2130941,138.9116415,1,0,0,-,-,-,,,
É,xm{s,[xm{s]lwZ,Éxm{sl362,35.3519597,138.596071,1,0,0,-,-,-,,,
É,ls,[ls]F,Éls攒F3850-2,34.73534305,137.6237149,1,0,0,-,-,-,,,
É,ΌSɓ,[ɓ]cqR~jeBhЃZ^[,Éɓcq994-3,34.80998696,138.7689081,1,0,0,-,-,-,,,
É,cs,[cs]()cHƍZ,ÉcsmPJ201,34.8394827,138.2019801,1,0,0,-,-,-,,,
É,ΌSɓ,[ɓ]쏬wZ,Éɓ312,34.8412696,139.0733114,1,0,0,-,-,-,,,
É,És,[És]wZ,ÉÉs抗Vc2-25-1,35.11906,138.5952179,1,0,0,-,-,-,,,
É,lsV,[ls]()t썂Z,ÉlsVt쒬xV284,34.9586715,137.888726,1,0,0,-,-,-,,,
É,ĒÎs,[ĒÎs]ΒÃR~jeBhЃZ^[,ÉĒÎsΒÍ`17-9,34.8428716,138.3161663,1,0,0,-,-,-,,,
É,}s,[}s]tkwZ,É}s1080,34.9251589,138.2356735,1,0,0,-,-,-,,,
É,És,[És]()ÉZ,ÉÉs撷J66,34.9853025,138.3804484,1,0,0,-,-,-,,,
É,cs,[cs]򒆊wZ,Écs͓101-1,34.6987674,138.9387133,1,0,0,-,-,-,,,
É,ɓs,[ɓs]ΓwZ,Éɓs1128-3,34.8847652,139.1116274,1,0,0,-,-,-,,,
É,}s,[}s]LwZ,É}s㓖602,34.8861151,138.286683,1,0,0,-,-,-,,,
É,ΐs,[ΐs]蒆wZ,Éΐs587-2,34.727082,137.502789,1,0,0,-,-,-,,,
É,ΌS͒Ò,[͒Ò]򉜌,É͒Ò{799-1,34.7922247,138.9530346,1,0,0,-,-,-,,,
É,|s,[|s]{ꒆwZ,É|s{1007,34.686321,137.9873394,1,0,0,-,-,-,,,
É,xms,[xms]xmꒆwZ,Éxms⟺855-3,35.1495878,138.6217711,1,0,0,-,-,-,,,
É,ls,[ls]͗֏wZ,Éls擌333,34.6759862,137.7828296,1,0,0,-,-,-,,,
É,xms,[xms]啣ꏬwZ,Éxms啣3012,35.2116621,138.6861068,1,0,0,-,-,-,,,
É,ΌS͒Ò,[͒Ò]쏬wZ,É͒Ò328-1,34.7477945,138.9937982,1,0,0,-,-,-,,,
É,YS썪{,[썪{]{썪wZ,É썪{瓪1236-6,35.1048266,138.1357212,1,0,0,-,-,-,,,
É,|s,[|s]l_PZ^[,É|sl4002,34.6629846,138.076017,1,0,0,-,-,-,,,
É,Îs,[Îs]wZ,ÉÎsˎ814-1,35.12700692,138.8091607,1,0,0,-,-,-,,,
É,|s,[|s]()|쓌Z,É|s쐼1357,34.759118,138.0056092,1,0,0,-,-,-,,,
É,}s,[}s]ޑꏬwZ,É}sVM1021,34.9524505,138.2513968,1,0,0,-,-,-,,,
É,܈s,[܈s]HkwZ,É܈sH1322,34.708048,137.9222228,1,0,0,-,-,-,,,
É,s,[s]쏬wZ,Ésɓc806-5,35.156318,138.9044352,1,0,0,-,-,-,,,
É,cs,[cs]ZwZ,Écs1200,34.834561,138.2219032,1,0,0,-,-,-,,,
É,ɓ̍s,[ɓ̍s]hЃZ^[,Éɓ̍s257-3,35.0033719,138.937754,1,0,0,-,-,-,,,
É,܈s,[܈s]Hk,É܈sH2857,34.7190078,137.9264912,1,0,0,-,-,-,,,
É,܈s,[܈s]̗wV,É܈sR32]1,34.7898741,137.9067251,1,0,0,-,-,-,,,
É,Îs,[Îs]bZ,ÉÎsk2-9-12,35.11316,138.852659,1,0,0,-,-,-,,,
É,qSX,[X]uwZ,ÉXJ556,34.8151655,137.9011248,1,0,0,-,-,-,,,
É,Îs,[Îs]ЕlwZ,ÉÎszK41,35.1111042,138.8286804,1,0,0,-,-,-,,,
É,ls,[ls]L򏬊wZ,ÉlsL񒚖51-1,34.716617,137.7133875,1,0,0,-,-,-,,,
É,És,[És]]KwZ,ÉÉs]K14-63,35.0211704,138.4799699,1,0,0,-,-,-,,,
É,Os,[Os]ѓcwZ,ÉOsJc966,35.1130587,138.9363639,1,0,0,-,-,-,,,
É,xSR,[R]wZ,ÉR150,35.3634208,138.9850902,1,0,0,-,-,-,,,
É,ΌSɓ,[ɓ]ɕlRxZ^[,Éɓɕl1290,34.6904865,138.7630294,1,0,0,-,-,-,,,
É,Îs,[Îs]JkwZ,ÉÎs17-1,35.1079887,138.8541788,1,0,0,-,-,-,,,
É,lsk,[ls]()OZ,ÉlskO78-1,34.8065839,137.5422589,1,0,0,-,-,-,,,
É,|s,[|s]wZ,É|s1039,34.7804157,138.0235571,1,0,0,-,-,-,,,
É,֓cs,[֓cs]LcwZ,É֓csu57,34.7430802,137.8388692,1,0,0,-,-,-,,,
É,xms,[xms]{ÒwZ,Éxms1156,35.1654295,138.7385079,1,0,0,-,-,-,,,
É,Îs,[Îs]YwZ,ÉÎsYO410-1,35.0247544,138.9013457,1,0,0,-,-,-,,,
É,cs,[cs]ΏwZ,Écs1429,34.6762145,138.9048397,1,0,0,-,-,-,,,
É,֓cs,[֓cs]LlwZ,É֓csLl9,34.6866832,137.8991461,1,0,0,-,-,-,,,
É,ls,[ls]mwZ,Éls撆쒬427-1,34.7301934,137.7929811,1,0,0,-,-,-,,,
É,xms,[xms]xmwZ,Éxms320-1,35.1624564,138.6478334,1,0,0,-,-,-,,,
É,lsk,[ls]LwZ,ÉlskL22,34.7869892,137.7194204,1,0,0,-,-,-,,,
É,Ésx͋,[És]wZ,ÉÉsx͋oC4-6-1,34.9583784,138.4102298,1,0,0,-,-,-,,,
É,ΌSɓ,[ɓ]㏬wZ,Éɓ640,34.6758105,138.8339074,1,0,0,-,-,-,,,
É,És,[És]ۈ牀,ÉÉs搣1-21-40,35.0047541,138.4269216,1,0,0,-,-,-,,,
É,Os,[Os]O菬wZ,ÉOsO3556,34.6045931,138.2160321,1,0,0,-,-,-,,,
É,xm{s,[xm{s]xm{񒆊wZ,Éxm{sL17-1,35.2303362,138.6135435,1,0,0,-,-,-,,,
É,És,[És]()ÉԗtwwEZ,ÉÉsǎ蒬10-71,34.9804753,138.3805818,1,0,0,-,-,-,,,
É,֓cs,[֓cs]LcwZ,É֓cs243,34.7347059,137.8287871,1,0,0,-,-,-,,,
É,ΌSɓ,[ɓ]撆wZ,Éɓ1873,34.7698189,139.0364726,1,0,0,-,-,-,,,
É,as,[as]aꏬwZ,Éas361-1,35.3115812,138.9367531,1,0,0,-,-,-,,,
É,xms,[xms]xm̈,Éxmsؓ89-1,35.175276,138.6158772,1,0,0,-,-,-,,,
É,֓cs,[֓cs]֓c쏬wZ,É֓cs蓰1356-1,34.6920261,137.84419,1,0,0,-,-,-,,,
É,xms,[xms]g񒆊wZ,Éxms1955,35.1704725,138.6927156,1,0,0,-,-,-,,,
É,ΌSɓ,[ɓ]ɓwZ,Éɓ744-1,34.6569379,138.8618905,1,0,0,-,-,-,,,
É,}s,[}s]TCt},É}sΐ쒬4-1-11,34.852305,138.260053,1,0,0,-,-,-,,,
É,ΌS蒬,[蒬]ij쏬wZ,É蒬450,34.7581384,138.821144,1,0,0,-,-,-,,,
É,xm{s,[xm{s]{wZ,Éxm{s钬2-1,35.2265394,138.6124825,1,0,0,-,-,-,,,
É,s,[s]wZ,És399,35.1746019,138.9144648,1,0,0,-,-,-,,,
É,Îs,[Îs]ÉYwZ,ÉÎsql400,35.0548392,138.8884635,1,0,0,-,-,-,,,
É,És,[És]DwZ,ÉÉsH6-9-1,34.9856547,138.3366279,1,0,0,-,-,-,,,
É,ɓ̍s,[ɓ̍s]()ʎxwZ,Éɓ̍s235-1,35.0489777,138.944567,1,0,0,-,-,-,,,
É,ls,[ls]gnwZ,Élsgnl2-15,34.7302188,137.7415769,1,0,0,-,-,-,,,
É,És,[És]()ÉwwZ,ÉÉsx{1-86,34.9794087,138.3858314,1,0,0,-,-,-,,,
É,ĒÎs,[ĒÎs]()ĒÒZ,ÉĒÎsy157-1,34.8678396,138.2898165,1,0,0,-,-,-,,,
É,Os,[Os]()O썂Z,ÉOs608,35.0953133,138.9443192,1,0,0,-,-,-,,,
É,lsV,[ls]RNiZ^[,ÉlsV旴Rˑq217-1,34.9666601,137.8373415,1,0,0,-,-,-,,,
É,Ésx͋,[És]RwZ,ÉÉsx͋揬2-33,34.9305367,138.3571325,1,0,0,-,-,-,,,
É,܈s,[܈s]RR~jeBnEX,É܈sR831-1,34.7911295,137.9072833,1,0,0,-,-,-,,,
É,ĒÎs,[ĒÎs]4R~jeBhЃZ^[,ÉĒÎsĒ5-1-11,34.86552969,138.3169534,1,0,0,-,-,-,,,
É,ΐs,[ΐs]VwZ,ÉΐsVV1770,34.6907227,137.5614349,1,0,0,-,-,-,,,
É,Os,[Os]kwZ,ÉOs1]4]8,35.1313236,138.9128877,1,0,0,-,-,-,,,
É,xS,[]򒆊wZ,É򒬉y777,35.1323679,138.8992223,1,0,0,-,-,-,,,
É,qVs,[qVs]׍]wZ,ÉqVs׍]1260,34.7498497,138.235549,1,0,0,-,-,-,,,
É,ls,[ls]JwZ,Éls捂uk꒚15-20,34.7600618,137.7076392,1,0,0,-,-,-,,,
É,es,[es]xmwZ,Ées5430,34.6974609,138.0938253,1,0,0,-,-,-,,,
É,ls,[ls]F쏬wZ,ÉlsF쒬206-1,34.69246189,137.7668576,1,0,0,-,-,-,,,
É,܈s,[܈s]ct,É܈s쒬19]1,34.7349086,137.9270153,1,0,0,-,-,-,,,
É,lsV,[ls]EwZ,ÉlsV搅Ẻ2697-1,35.16077792,137.8683973,1,0,0,-,-,-,,,
É,xms,[xms]isjۈ牀,ÉxmscVc147-3,35.136077,138.737414,1,0,0,-,-,-,,,
É,Ésx͋,[És]LcwZ,ÉÉsx͋rc491-2,34.9840453,138.4234668,1,0,0,-,-,-,,,
É,cS쒬,[쒬]wZ,É쒬1010-1,35.08959459,138.960726,1,0,0,-,-,-,,,
É,s,[s]xꏬwZ,Ésh600,35.2005071,138.9052202,1,0,0,-,-,-,,,
É,lslk,[ls]쏬wZ,Élslk1702,34.7844856,137.7563921,1,0,0,-,-,-,,,
É,Ésx͋,[És]암̈,ÉÉsx͋ȋ3-1-13,34.97260324,138.404931,1,0,0,-,-,-,,,
É,cs,[cs]c܏wZ,Écs1-25-1,34.83107137,138.1975096,1,0,0,-,-,-,,,
É,Îs,[Îs]lwZ,ÉÎsK4-1,35.0969925,138.8651757,1,0,0,-,-,-,,,
É,܈s,[܈s]()܈䍂Z,É܈s2446-1,34.7412135,137.9454279,1,0,0,-,-,-,,,
É,cs,[cs]JwZ,ÉcsJh211-1,34.832016,138.1243576,1,0,0,-,-,-,,,
É,ls,[ls]^iwZ,Élss쒬1405-1,34.743377,137.7775793,1,0,0,-,-,-,,,
É,ɓs,[ɓs]FwZ,ÉɓsF1537-1,35.0069406,139.0773005,1,0,0,-,-,-,,,
É,ɓs,[ɓs]ijy쏬wZ,Éɓsؑ1445-1,34.8908375,138.7708802,1,0,0,-,-,-,,,
É,És,[És]̈,ÉÉs擌c2-3-1,35.0012678,138.4087564,1,0,0,-,-,-,,,
É,֓cs,[֓cs]mwZ,É֓cs1900,34.6757373,137.8007638,1,0,0,-,-,-,,,
É,܈s,[܈s]tct,É܈sv\1310,34.7587169,137.9204185,1,0,0,-,-,-,,,
É,lslk,[ls]{wZ,ÉlslkMzI2646,34.8010213,137.7834753,1,0,0,-,-,-,,,
É,܈s,[܈s],É܈sc687,34.7680315,137.8910776,1,0,0,-,-,-,,,
É,És,[És]ۈ牀,ÉÉs撷2-18-31,34.993292,138.414274,1,0,0,-,-,-,,,
É,Os,[Os]nwZ,ÉOsn127-1,35.1405311,138.9265919,1,0,0,-,-,-,,,
É,qSX,[X]XwZ,ÉXX125,34.8378409,137.9288018,1,0,0,-,-,-,,,
É,es,[es]͏鏬wZ,Éesg556-2,34.7736388,138.1127156,1,0,0,-,-,-,,,
É,És,[És]twZ,ÉÉs搼v125-1,35.0391212,138.4855689,1,0,0,-,-,-,,,
É,ɓs,[ɓs]wZ,Éɓs匴2-2-6,34.9645373,139.1022753,1,0,0,-,-,-,,,
É,qVs,[qVs]ԓcwZ,ÉqVs588-3,34.7663081,138.1870686,1,0,0,-,-,-,,,
É,܈s,[܈s]()܈ʎxwZ,É܈s2753]1,34.7325645,137.930968,1,0,0,-,-,-,,,
É,És,[És]쒆wZ,ÉÉs1561-3,35.2192448,138.2354319,1,0,0,-,-,-,,,
É,ɓs,[ɓs]ޏwZ,Éɓs1083-1,34.9533618,139.1266383,1,0,0,-,-,-,,,
É,ɓs,[ɓs]h[,ÉɓsH89,34.9359747,138.9335841,1,0,0,-,-,-,,,
É,ĒÎs,[ĒÎs]ĒÒwZ,ÉĒÎsĒ2-10-28,34.8649066,138.3120298,1,0,0,-,-,-,,,
É,es,[es]()eˍZ,Ées͓5442-5,34.6694876,138.1026172,1,0,0,-,-,-,,,
É,És,[És]FwZ,ÉÉs搅F1040-3,35.0383415,138.2944869,1,0,0,-,-,-,,,
É,}s,[}s]wZ,É}s10,34.8487907,138.2381798,1,0,0,-,-,-,,,
É,Îs,[Îs]܏wZ,ÉÎsĎR9-1,35.1076945,138.8636921,1,0,0,-,-,-,,,
É,És,[És]]wZ,ÉÉsǕ2-3-1,35.0145627,138.47424,1,0,0,-,-,-,,,
É,es,[es]ZnZ^[,Ées{1634-7,34.7520302,138.0928229,1,0,0,-,-,-,,,
É,MCs,[MCs]ɓRwZ,ÉMCsɓR711,35.1158021,139.0839284,1,0,0,-,-,-,,,
É,xms,[xms]gkwZ,Éxmsc2259,35.1856381,138.7192064,1,0,0,-,-,-,,,
É,És,[És]wZ,ÉÉsx{1-107,34.9770424,138.3856787,1,0,0,-,-,-,,,
É,cs,[cs]()JZ,ÉcsJݒ35,34.8273277,138.1266575,1,0,0,-,-,-,,,
É,Îs,[Îs]()ÐZ,ÉÎs{{1910-9,35.0907314,138.8485963,1,0,0,-,-,-,,,
É,xms,[xms]VԏwZ,ÉxmsV50,35.2007515,138.6358369,1,0,0,-,-,-,,,
É,֓cs,[֓cs]L암R~jeBZ^[,É֓cs|1489,34.7920054,137.8356258,1,0,0,-,-,-,,,
É,as,[as]}ct,Éas}154-1,35.2749667,138.9266747,1,0,0,-,-,-,,,
É,ΐs,[ΐs]ΐwZ,Éΐsc135,34.7427314,137.5154288,1,0,0,-,-,-,,,
É,as,[as]a_{,ÉasΑ5,35.3082368,138.927146,1,0,0,-,-,-,,,
É,Os,[Os]lwZ,ÉOsq1403-1,34.6355933,138.1595962,1,0,0,-,-,-,,,
É,֓cs,[֓cs]LckwZ,É֓cs1026,34.7390969,137.8261149,1,0,0,-,-,-,,,
É,cs,[cs]썪wZ,Écs썪g3290,34.94332302,138.0865851,1,0,0,-,-,-,,,
É,És,[És]wZ,ÉÉs抗666,35.1170243,138.6090195,1,0,0,-,-,-,,,
É,ΌS͒Ò,[͒Ò]쉡wlғi{,É͒Ò{190,34.78549795,138.9482026,1,0,0,-,-,-,,,
É,lsV,[ls]()RkwZ,ÉlsV旴RK926-37,35.0216207,137.8368621,1,0,0,-,-,-,,,
É,YS썪{,[썪{]veR~jeBhЃZ^[,É썪{ve237,34.9972672,138.0864877,1,0,0,-,-,-,,,
É,ls,[ls]_vCwZ,Élsvے6633,34.72524,137.6658223,1,0,0,-,-,-,,,
É,lsk,[ls]OZ^[,ÉlskOO500-1,34.803127,137.555831,1,0,0,-,-,-,,,
É,ΌS͒Ò,[͒Ò],É͒Ò108-1,34.77498457,138.9479414,1,0,0,-,-,-,,,
É,s,[s]ۈ牀,És1154,35.1766433,138.9042987,1,0,0,-,-,-,,,
É,ΌS͒Ò,[͒Ò]R~jeBhZ^[,É͒ÒÔ839-1,34.76884128,138.9657587,1,0,0,-,-,-,,,
É,És,[És]Lxۈ牀,ÉÉs撆V1-10-27,34.998618,138.440662,1,0,0,-,-,-,,,
É,|s,[|s]RwZ,É|s145,34.7788829,138.0365533,1,0,0,-,-,-,,,
É,lslk,[ls]lwZ,Élslk揬1450,34.789644,137.7689521,1,0,0,-,-,-,,,
É,ĒÎs,[ĒÎs]ginhЃZ^[,ÉĒÎsgi1933-1,34.79123,138.3042383,1,0,0,-,-,-,,,
É,lsk,[ls]kwZ,Élskʏ9-42,34.8956883,137.6822288,1,0,0,-,-,-,,,
É,es,[es]ۗ{Z^[e,Ées88,34.6950832,138.0720719,1,0,0,-,-,-,,,
É,És,[És]NށiސUwKZ^[j,ÉÉs搣2-32-43,35.0175663,138.4228135,1,0,0,-,-,-,,,
É,lsV,[ls]鐼wZ,ÉlsV捲vԒ2874,35.139646,137.8612915,1,0,0,-,-,-,,,
É,ls,[ls]ٕ̈,Éls救㒬2623-32,34.6793874,137.6128347,1,0,0,-,-,-,,,
É,cS쒬,[쒬]()c_ƍZ,É쒬˖{9611,35.08075425,138.9423834,1,0,0,-,-,-,,,
É,܈s,[܈s]܈̈Z^[,É܈sc267-19,34.7361113,137.9341121,1,0,0,-,-,-,,,
É,cs,[cs]{W,Écs{1325-4,34.74057042,138.9314815,1,0,0,-,-,-,,,
É,Os,[Os]wZ,ÉOsΒ7-7,35.1163944,138.9089691,1,0,0,-,-,-,,,
É,qVs,[qVs]nwZ,ÉqVsn981,34.6373582,138.1930895,1,0,0,-,-,-,,,
É,ɓ̍s,[ɓ̍s]Ђ܂ۈ牀,Éɓ̍sO934-1,35.0023278,138.9458561,1,0,0,-,-,-,,,
É,lsk,[ls]kwZ,Élsk揉1305,34.7688528,137.7159464,1,0,0,-,-,-,,,
É,ls,[ls]䏬wZ,Éls捂ukO15-8,34.7653495,137.6986374,1,0,0,-,-,-,,,
É,lsk,[ls]RwZ,ÉlskR1101-1,34.8453957,137.6288962,1,0,0,-,-,-,,,
É,Îs,[Îs]鏬wZ,ÉÎsŘH673-1,35.131158,138.829914,1,0,0,-,-,-,,,
É,xms,[xms]鉪wZ,Éxmsv713,35.1956054,138.6527804,1,0,0,-,-,-,,,
É,lsV,[ls]()vԒwZ,ÉlsV捲vԒv2410,35.091441,137.809258,1,0,0,-,-,-,,,
É,xms,[xms]()xmZ,Éxms_1-1,35.1554822,138.6466613,1,0,0,-,-,-,,,
É,És,[És]wZ,ÉÉs揬619,35.0918953,138.5151726,1,0,0,-,-,-,,,
É,ls,[ls]儒˒wZ,Éls儒˓񒚖15-1,34.7140395,137.7086214,1,0,0,-,-,-,,,
É,lsV,[ls]()VыƍZ,ÉlsV񖓒601,34.8695799,137.8128234,1,0,0,-,-,-,,,
É,ΌS͒Ò,[͒Ò]͒ÒwZ,É͒Òc72,34.7522663,138.9889819,1,0,0,-,-,-,,,
É,lsk,[ls]wwZ,Élskw1369,34.8213417,137.6784536,1,0,0,-,-,-,,,
É,És,[És]wZ,ÉÉs挴245,35.0507418,138.4805248,1,0,0,-,-,-,,,
É,ls,[ls]wZ,Éls戨񒚖25-1,34.7678665,137.7105554,1,0,0,-,-,-,,,
É,qVs,[qVs]()YZ,ÉqVsÔg850,34.73939,138.2229383,1,0,0,-,-,-,,,
É,ΌS蒬,[蒬]()ȏwZ,É蒬Ȗk442,34.7365034,138.7862067,1,0,0,-,-,-,,,
É,lsk,[ls]sc쏬wZ,Élsksc8756,34.8126172,137.7366042,1,0,0,-,-,-,,,
É,s,[s]xR~jeBZ^[,Ésh680-1,35.2021097,138.9040591,1,0,0,-,-,-,,,
É,xm{s,[xm{s]()xxٍZ,Éxm{s|732,35.2209126,138.6251037,1,0,0,-,-,-,,,
É,xm{s,[xm{s]M쏬wZ,ÉŐ쒬M88,35.257955,138.552724,1,0,0,-,-,-,,,
É,}s,[}s]˒JwZ,É}s{872,34.9134454,138.2013411,1,0,0,-,-,-,,,
É,xm{s,[xm{s]쏬wZ,Éxm{s408,35.2742465,138.5796321,1,0,0,-,-,-,,,
É,Ésx͋,[És]嗢wZ,ÉÉsx͋捂2310,34.9465407,138.418785,1,0,0,-,-,-,,,
É,֓cs,[֓cs]zwZ,É֓cs}|V1162-2,34.7682863,137.8654578,1,0,0,-,-,-,,,
É,ɓs,[ɓs]()ɓZP蕪Z,Éɓs1120,34.8862851,139.1144885,1,0,0,-,-,-,,,
É,ΌS͒Ò,[͒Ò],É͒Ò548-3,34.75503581,138.9842964,1,0,0,-,-,-,,,
É,ΌSɓ,[ɓ]_cR~jeB[hЃZ^[,ÉɓFv{1688-1,34.847109,138.7939247,1,0,0,-,-,-,,,
É,Ésx͋,[És]ÉŌwZ,ÉÉsx͋씪8-1,34.960278,138.4026777,1,0,0,-,-,-,,,
É,}s,[}s]˒JwZ,É}s{4653,34.9219501,138.2067987,1,0,0,-,-,-,,,
É,xS,[]kwZ,É򒬔[ė333-3,35.1472635,138.8933279,1,0,0,-,-,-,,,
É,ls,[ls]ۈ牀,Éls救㒬2659-3,34.6832232,137.613668,1,0,0,-,-,-,,,
É,֓cs,[֓cs]鏬wZ,É֓csc55,34.7148249,137.8247742,1,0,0,-,-,-,,,
É,ĒÎs,[ĒÎs]ĒÓwZ,ÉĒÎsh5-14-1,34.8679451,138.3180872,1,0,0,-,-,-,,,
É,lsk,[ls]OwZ,ÉlskO682,34.7780652,137.7122298,1,0,0,-,-,-,,,
É,Os,[Os]ѓcwZ,ÉOsJc1505,35.1218386,138.9382468,1,0,0,-,-,-,,,
É,ɓ̍s,[ɓ̍s]mkwZ,Éɓ̍s312-1,35.0180455,138.948303,1,0,0,-,-,-,,,
É,ΐs,[ΐs]ΐs\hÃR~BjeBhЃZ^[,Éΐsh1163-2,34.7107367,137.5460579,1,0,0,-,-,-,,,
É,ls,[ls]gnwZ,Élsgn꒚1-35,34.7267747,137.7384216,1,0,0,-,-,-,,,
É,És,[És]{wZ,ÉÉs敽a1-7-1,34.9884438,138.3667689,1,0,0,-,-,-,,,
É,ls,[ls]Ðlct,ÉlsÐl717,34.7297168,137.6337592,1,0,0,-,-,-,,,
É,ΐs,[ΐs]mgcwZ,Éΐsmg1144,34.7589932,137.5106478,1,0,0,-,-,-,,,
É,ΐs,[ΐs]wZ,ÉΐsV680,34.739824,137.535694,1,0,0,-,-,-,,,
É,cs,[cs]{,Écs{2-13-21,34.6849411,138.9423106,1,0,0,-,-,-,,,
É,ΐs,[ΐs]()ΐZ,Éΐsh1510-2,34.721938,137.5492517,1,0,0,-,-,-,,,
É,És,[És]()ÉwwEZ,ÉÉsx͋搹F226-3,34.98252978,138.3942958,1,0,0,-,-,-,,,
É,És,[És]()ÉZ,ÉÉs썇757,35.00931501,138.4133122,1,0,0,-,-,-,,,
É,És,[És]ۈ牀,ÉÉs~J459-1,35.042624,138.451906,1,0,0,-,-,-,,,
É,MCs,[MCs]EwZ,ÉMCs219,35.042292,139.1707189,1,0,0,-,-,-,,,
É,És,[És]ʐLvZ^[,ÉÉs撷ȓc755,35.1631311,138.3266831,1,0,0,-,-,-,,,
É,|s,[|s]lwZ,É|s1147,34.6668139,138.0461554,1,0,0,-,-,-,,,
É,cs,[cs]wZ,Écsg544,34.6604934,138.9191476,1,0,0,-,-,-,,,
É,ĒÎs,[ĒÎs]vÒwZ,ÉĒÎs416,34.8852074,138.3189426,1,0,0,-,-,-,,,
É,es,[es]}kwZ,Éesc59,34.6997437,138.0808016,1,0,0,-,-,-,,,
É,És,[És]cwZ,ÉÉsBJ5-47-1,34.9961517,138.4068596,1,0,0,-,-,-,,,
É,xm{s,[xm{s]R{wZ,Éxm{sR{1560-1,35.270153,138.6278084,1,0,0,-,-,-,,,
É,xS,[]wZ,É267,35.096349,138.9038506,1,0,0,-,-,-,,,
É,֓cs,[֓cs]RwZ,É֓cst263-3,34.7242779,137.8658978,1,0,0,-,-,-,,,
É,ĒÎs,[ĒÎs]呺,ÉĒÎso575-1,34.8741278,138.3007536,1,0,0,-,-,-,,,
É,֓cs,[֓cs]員wZ,É֓csv282-1,34.7764683,137.8479589,1,0,0,-,-,-,,,
É,s,[s]{RwZ,És{R165,35.250414,138.8468764,1,0,0,-,-,-,,,
É,ΌSɓ,[ɓ],ÉɓaJ61,34.62479028,138.8776478,1,0,0,-,-,-,,,
É,cs,[cs]ZwZ,Écsx2-25-1,34.8341194,138.2032799,1,0,0,-,-,-,,,
É,lsV,[ls]F؏wZ,ÉlsVt쒬Αŏ211-1,34.998371,137.9394285,1,0,0,-,-,-,,,
É,qVs,[qVs]╔wZ,ÉqVs╔468-1,34.7783483,138.208663,1,0,0,-,-,-,,,
É,֓cs,[֓cs]s̈,É֓cst4075-1,34.72580856,137.8453979,1,0,0,-,-,-,,,
É,lsk,[ls]׍]wZ,Élsk׍]C7300-1,34.8076869,137.6465791,1,0,0,-,-,-,,,
É,ĒÎs,[ĒÎs]xwZ,ÉĒÎs1-1,34.8393075,138.2983374,1,0,0,-,-,-,,,
É,ls,[ls]kwZ,Éls攒F295-1,34.7586678,137.6266253,1,0,0,-,-,-,,,
É,ɓs,[ɓs]y쒆wZ,Éɓsy2701-1,34.9083382,138.7951617,1,0,0,-,-,-,,,
É,xms,[xms]gwZ,Éxms䒬6-1,35.1579683,138.6827388,1,0,0,-,-,-,,,
É,És,[És]wZ,ÉÉs扟107,35.03481204,138.456208,1,0,0,-,-,-,,,
É,cs,[cs]()cZ,Écs1-7-1,34.8371689,138.1501023,1,0,0,-,-,-,,,
É,܈s,[܈s]̋u,É܈s6635-8,34.714988,137.943412,1,0,0,-,-,-,,,
É,lsk,[ls]݂ѓVlی{,ÉlsOFu34-1,34.8003684,137.5612189,1,0,0,-,-,-,,,
É,ls,[ls]kwZ,Éls敶u28-1,34.7268938,137.7139313,1,0,0,-,-,-,,,
É,És,[És]򏬊wZ,ÉÉs摊99-1,35.0332407,138.2457012,1,0,0,-,-,-,,,
É,És,[És]`nwZ,ÉÉs`n14-2,34.9753621,138.3912894,1,0,0,-,-,-,,,
É,܈s,[܈s]TCt܈,É܈sc267-5,34.7357669,137.9340176,1,0,0,-,-,-,,,
É,xm{s,[xm{s]xm{ꒆwZ,Éxm{s814,35.2252648,138.6236426,1,0,0,-,-,-,,,
É,܈s,[܈s]܈䐼,É܈s579-1,34.7446101,137.9168023,1,0,0,-,-,-,,,
É,ɓs,[ɓs]쒆wZ,Éɓs{ac729-1,34.9545635,139.1072978,1,0,0,-,-,-,,,
É,|s,[|s]⏬wZ,É|s5667,34.6753408,138.0469912,1,0,0,-,-,-,,,
É,És,[És]{,ÉÉs{544,35.1842688,138.2750014,1,0,0,-,-,-,,,
É,ls,[ls]xːwZ,Élsx˒3541,34.7286489,137.699663,1,0,0,-,-,-,,,
É,xm{s,[xm{s]owZ,Éxm{so1400,35.30959581,138.6010205,1,0,0,-,-,-,,,
É,ls,[ls]ԏwZ,Éls搼c񒚖12-1,34.692134,137.7270264,1,0,0,-,-,-,,,
É,cs,[cs]clwZ,Écs͒201,34.8421323,138.1786964,1,0,0,-,-,-,,,
É,ĒÎs,[ĒÎs]쏬wZ,ÉĒÎsgi490,34.7949602,138.2944448,1,0,0,-,-,-,,,
É,lsk,[ls]ɒJwZ,ÉlskɒJ680,34.832318,137.6722205,1,0,0,-,-,-,,,
É,cs,[cs]ÏwZ,Écs160-1,34.8552112,138.1810103,1,0,0,-,-,-,,,
É,ɓs,[ɓs]xˏwZ,Éɓsx1203-1,34.9112282,139.1345011,1,0,0,-,-,-,,,
É,cs,[cs]W,Écs276,34.72062277,138.9497382,1,0,0,-,-,-,,,
É,lsk,[ls]CꏬwZ,Élsk׍]C11529,34.8102062,137.6544227,1,0,0,-,-,-,,,
É,Ésx͋,[És]jQZ^[(ꂠ),ÉÉsx͋n1-17-1,34.9688072,138.3831625,1,0,0,-,-,-,,,
É,ls,[ls]s䏬wZ,Éls搼]1106,34.703362,137.6643094,1,0,0,-,-,-,,,
É,|s,[|s]铌wZ,É|sy680,34.7103392,138.0460319,1,0,0,-,-,-,,,
É,ĒÎs,[ĒÎs]VcnhЃZ^[,ÉĒÎsVc2172-2,34.8013013,138.3002468,1,0,0,-,-,-,,,
É,ΌS͒Ò,[͒Ò]l,É͒Òl32-2,34.74602476,138.9970592,1,0,0,-,-,-,,,
É,Ésx͋,[És]ۈ牀,ÉÉsx͋揬1-7-6,34.9750319,138.4008996,1,0,0,-,-,-,,,
É,Îs,[Îs]剪wZ,ÉÎs剪2110,35.1150026,138.8755245,1,0,0,-,-,-,,,
É,xms,[xms]_ˏwZ,Éxms_633,35.1898041,138.7125737,1,0,0,-,-,-,,,
É,܈s,[܈s]܈䐼wZ,É܈s442,34.7461071,137.9161107,1,0,0,-,-,-,,,
É,ΌS͒Ò,[͒Ò]JÌ,É͒ÒJ375,34.7442794,138.9941051,1,0,0,-,-,-,,,
É,xm{s,[xm{s]Ő쒆wZ,ÉŐ쒬1267,35.20373,138.566334,1,0,0,-,-,-,,,
É,as,[as]wZ,Éas쓇c1363-1,35.297268,138.9112872,1,0,0,-,-,-,,,
É,qVs,[qVs]RwZ,ÉqVsR6-1,34.6983984,138.177208,1,0,0,-,-,-,,,
É,qSX,[X]ѓcnR~jeBhЃZ^[,ÉXѓc4040-28,34.8126549,137.9207588,1,0,0,-,-,-,,,
É,ls,[ls]wZ,Éls20200-1,34.68205116,137.6576402,1,0,0,-,-,-,,,
É,És,[És]k𗬃Z^[,ÉÉs攪⒬2111-2,35.04105659,138.4712639,1,0,0,-,-,-,,,
É,Os,[Os]wZ,ÉOs~854]1,35.0897388,138.9225849,1,0,0,-,-,-,,,
É,lslk,[ls]klwZ,Élslk搼279-2,34.796961,137.7906027,1,0,0,-,-,-,,,
É,ΌSɓ,[ɓ]cqwZ̈,Éɓcq965-1,34.8096655,138.7671407,1,0,0,-,-,-,,,
É,xms,[xms]()xmZ,Éxms{17,35.1665006,138.6533914,1,0,0,-,-,-,,,
É,as,[as]xmwZ,ÉasR825-1,35.2498476,138.9245258,1,0,0,-,-,-,,,
É,ls,[ls]uwZ,Éls攒H2512,34.6676737,137.7259854,1,0,0,-,-,-,,,
É,És,[És]UwKZ^[,ÉÉsc3-46-1,34.97080406,138.3671963,1,0,0,-,-,-,,,
É,lsV,[ls]񖓏wZ,ÉlsV񖓒867-1,34.8643445,137.8122208,1,0,0,-,-,-,,,
É,cS쒬,[쒬]쏬wZ,É쒬mc148,35.0826623,138.9456972,1,0,0,-,-,-,,,
É,s,[s]ۈ牀,És504-1,35.1704524,138.9128512,1,0,0,-,-,-,,,
É,lsV,[ls]()vԍZ(V̈),ÉlsV捲vԒ683-1,35.0793143,137.7959901,1,0,0,-,-,-,,,
É,ΌSɓ,[ɓ]()cɓZ,ÉɓΈ58,34.6578132,138.8589517,1,0,0,-,-,-,,,
É,MCs,[MCs]򏬁EwZ,ÉMCs280,35.1360307,139.0806086,1,0,0,-,-,-,,,
É,ĒÎs,[ĒÎs]VnR~jeBhЃZ^[,ÉĒÎsV3-2-2,34.85863231,138.3215575,1,0,0,-,-,-,,,
É,Ésx͋,[És]()Éw@wEZ,ÉÉsx͋揬1440,34.9717857,138.4334885,1,0,0,-,-,-,,,
É,Ésx͋,[És]wZ,ÉÉsx͋撆3303,34.9345974,138.3951847,1,0,0,-,-,-,,,
É,xm{s,[xm{s]xmkwZ,Éxm{sR1499,35.2541812,138.6529261,1,0,0,-,-,-,,,
É,Os,[Os]wZ,ÉOs10-1,35.1179859,138.9245371,1,0,0,-,-,-,,,
É,És,[És]~wZ,ÉÉs~1309-1,35.2434584,138.3408561,1,0,0,-,-,-,,,
É,|s,[|s]q^wZ,É|sq^3774,34.817079,138.0355859,1,0,0,-,-,-,,,
É,ɓs,[ɓs]y썂wZ,ÉɓsyWVO?P,34.9078688,138.7977058,1,0,0,-,-,-,,,
É,Ésx͋,[És]쌴wZ,ÉÉsx͋扺쌴4-14-1,34.9372166,138.3830051,1,0,0,-,-,-,,,
É,lsV,[ls]RXѕ,ÉlsV旴RK982-2,35.0233983,137.840234,1,0,0,-,-,-,,,
É,Os,[Os]Oct,ÉOsO78-27,34.6040069,138.2135824,1,0,0,-,-,-,,,
É,es,[es]s̈,Éesԓy1070-1,34.6942336,138.0935755,1,0,0,-,-,-,,,
É,s,[s]ی,ÉsΘe524-1,35.1959188,138.9112919,1,0,0,-,-,-,,,
É,|s,[|s]h쒆wZ,É|s{538,34.7829497,138.0598237,1,0,0,-,-,-,,,
É,֓cs,[֓cs]cwZ,É֓csc3753-1,34.6661157,137.8740915,1,0,0,-,-,-,,,
É,xms,[xms](s){ۈ牀,Éxms{581-33,35.1845174,138.6390423,1,0,0,-,-,-,,,
É,lsk,[ls]OwZ,ÉlskOs}2266-2,34.7933588,137.5816875,1,0,0,-,-,-,,,
É,ĒÎs,[ĒÎs]13R~jeBhЃZ^[,ÉĒÎs3118,34.851273,138.320043,1,0,0,-,-,-,,,
É,És,[És]R䏬wZ,ÉÉs撬329,35.1082951,138.5576241,1,0,0,-,-,-,,,
É,ΌS蒬,[蒬]()荂Z,É蒬c188,34.75788135,138.7884572,1,0,0,-,-,-,,,
É,Os,[Os]ct,ÉOs剮2070-103,34.65362369,138.1019987,1,0,0,-,-,-,,,
É,֓cs,[֓cs]c,É֓csc1587-1,34.679197,137.878777,1,0,0,-,-,-,,,
É,És,[És]wZ,ÉÉs1-96-3,34.9809391,138.3742852,1,0,0,-,-,-,,,
É,xm{s,[xm{s]VwZ,Éxm{sV168,35.3618695,138.5648339,1,0,0,-,-,-,,,
É,Os,[Os]wZ,ÉOs~453,35.0948744,138.9275873,1,0,0,-,-,-,,,
É,Îs,[Îs]˓cB&GCmZ^[,ÉÎs˓c2053,34.9684532,138.801177,1,0,0,-,-,-,,,
É,ɓs,[ɓs]rwZ,Éɓsgc824-4,34.9330817,139.1056852,1,0,0,-,-,-,,,
É,lsk,[ls]CꏬwZ,Élsk׍]C9994-1,34.8018924,137.6238702,1,0,0,-,-,-,,,
É,ɓ̍s,[ɓ̍s],Éɓ̍sÓ255,35.0349348,138.938159,1,0,0,-,-,-,,,
É,܈s,[܈s]܈䐼ct,É܈s568]1,34.7450822,137.9154024,1,0,0,-,-,-,,,
É,lsV,[ls]wZ,ÉlsV񖓒525,34.8499547,137.8091826,1,0,0,-,-,-,,,
É,Îs,[Îs]()Í,ÉÎs剪3600,35.1359204,138.8842873,1,0,0,-,-,-,,,
É,És,[És]DwZ,ÉÉsV759-1-1,34.9943611,138.3074421,1,0,0,-,-,-,,,
É,Os,[Os]،,ÉOs2836-5,34.6554552,138.1660197,1,0,0,-,-,-,,,
É,És,[És]ώRwZ,ÉÉsώR8-2,35.0133104,138.3935966,1,0,0,-,-,-,,,
É,És,[És]wZ,ÉÉs扟1115-2,35.0295435,138.4499279,1,0,0,-,-,-,,,
É,xms,[xms]xmꏬwZ,Éxms{s280-2,35.1561129,138.6535109,1,0,0,-,-,-,,,
É,cs,[cs],Écs19-11,34.68873285,138.9426245,1,0,0,-,-,-,,,
É,܈s,[܈s]܈䓌wZ,É܈sL2317-1,34.758048,137.9448082,1,0,0,-,-,-,,,
É,ɓs,[ɓs]FwZ,ÉɓsF1627-1,35.0078683,139.0812085,1,0,0,-,-,-,,,
É,És,[És]()ÉZ,ÉÉsk2-29-1,35.0052169,138.3930273,1,0,0,-,-,-,,,
É,܈s,[܈s]܈쒆wZ,É܈s3110,34.7419829,137.9423087,1,0,0,-,-,-,,,
É,ls,[ls]wZ,Éls揯100,34.7549398,137.6086056,1,0,0,-,-,-,,,
É,}s,[}s]F쏬wZ,É}sF37-1,34.8354901,138.2626225,1,0,0,-,-,-,,,
É,cs,[cs]̋,ÉcsJ3053-2,34.8144933,138.1339403,1,0,0,-,-,-,,,
É,|s,[|s]ꏬwZ,É|s|1180-1,34.77637451,138.0171751,1,0,0,-,-,-,,,
É,܈s,[܈s]܈kwZ,É܈sv\1580,34.7586389,137.9149358,1,0,0,-,-,-,,,
É,ls,[ls]kwZ,ÉlsZg꒚23-1,34.72871828,137.7237188,1,0,0,-,-,-,,,
É,qVs,[qVs]qVwZ,ÉqVs2082-13,34.7581055,138.1357913,1,0,0,-,-,-,,,
É,xms,[xms]xm񒆊wZ,Éxmsk1963-6,35.1848019,138.5976844,1,0,0,-,-,-,,,
É,ɓ̍s,[ɓ̍s]BR쏬wZ,Éɓ̍s817-1,35.0387987,138.9528359,1,0,0,-,-,-,,,
É,܈s,[܈s]}ۈ珊,É܈s567-1,34.6987804,137.9523585,1,0,0,-,-,-,,,
É,xms,[xms]啣񏬊wZ,Éxms啣8673-1,35.2434311,138.6998269,1,0,0,-,-,-,,,
É,ls,[ls]㕶Z^[,Éls救㒬2701-1,34.6871447,137.607416,1,0,0,-,-,-,,,
É,cS쒬,[쒬]쒆wZ,É쒬mc56,35.0879727,138.9432,1,0,0,-,-,-,,,
É,as,[as]wZ,Éas쓇c1902,35.3011029,138.9080848,1,0,0,-,-,-,,,
É,ĒÎs,[ĒÎs]ĒÕ,ÉĒÎsOP1550,34.8643928,138.3051892,1,0,0,-,-,-,,,
É,Îs,[Îs]wZ,ÉÎs576,35.1258819,138.7879568,1,0,0,-,-,-,,,
É,ls,[ls]zwZ,ÉlsF쒬80,34.6936436,137.7647346,1,0,0,-,-,-,,,
É,ɓ̍s,[ɓ̍s]wZ,Éɓ̍s1407-5,35.04344324,138.9230739,1,0,0,-,-,-,,,
É,Ésx͋,[És]JwZ,ÉÉsx͋J3683-2,34.9548317,138.4292837,1,0,0,-,-,-,,,
É,܈s,[܈s]R~jeBhЃZ^[,É܈sR5093-5,34.699086,137.953986,1,0,0,-,-,-,,,
É,xms,[xms]⏼܂ÂZ^[,xms837?7,35.1639919,138.6320816,1,0,0,-,-,-,,,
É,xSR,[R]kwZ,ÉRp604-1,35.3442363,138.9425378,1,0,0,-,-,-,,,
É,|s,[|s](){ꍂZ,É|s{1491-6,34.6828408,137.9825789,1,0,0,-,-,-,,,
É,Ésx͋,[És]쌴ۈ牀,ÉÉsx͋扺쌴6-8-26,34.9335836,138.3736283,1,0,0,-,-,-,,,
É,cs,[cs],Écs191,34.6960176,138.9386384,1,0,0,-,-,-,,,
É,ĒÎs,[ĒÎs]̈,ÉĒÎs1183,34.7968092,138.2725469,1,0,0,-,-,-,,,
É,܈s,[܈s]܈ۈ珊,É܈s676]2,34.7413607,137.9334787,1,0,0,-,-,-,,,
É,Îs,[Îs]rwZ,ÉÎsF88-2,35.1253241,138.8822405,1,0,0,-,-,-,,,
É,ΌSɓ,[ɓ]ȗǌ,Éɓȗǎ564-2,34.65680544,138.789591,1,0,0,-,-,-,,,
É,ls,[ls]wZ,Éls抛]񒚖17-1,34.7028462,137.7153826,1,0,0,-,-,-,,,
É,MCs,[MCs]ꒆwZ,ÉMCs1549-1,35.046688,139.0643387,1,0,0,-,-,-,,,
É,És,[És]kwZ,ÉÉsk4-27-3,35.0027837,138.3879333,1,0,0,-,-,-,,,
É,ΐs,[ΐs]菬wZ,Éΐs634-2,34.7242249,137.5029722,1,0,0,-,-,-,,,
É,xms,[xms]giꏬwZ,Éxms1431,35.1657238,138.7216316,1,0,0,-,-,-,,,
É,ls,[ls]VÏwZ,ÉlsV777,34.68269811,137.7029062,1,0,0,-,-,-,,,
É,֓cs,[֓cs]쏬wZ,É֓cs736,34.6846154,137.8310608,1,0,0,-,-,-,,,
É,as,[as]Qۈ牀,Éas㏬431-1,35.3342277,138.9132533,1,0,0,-,-,-,,,
É,cS쒬,[쒬]wZ,É쒬ԋ{475,35.0819845,138.9376978,1,0,0,-,-,-,,,
É,YS썪{,[썪{]RR~jeBhЃZ^[,É썪{R1369,35.076205,138.115813,1,0,0,-,-,-,,,
É,es,[es]ΒnZ^[,Ées5112,34.7439222,138.0820494,1,0,0,-,-,-,,,
É,|s,[|s]񏬊wZ,É|sr438-1,34.7745188,137.9940488,1,0,0,-,-,-,,,
É,|s,[|s]kwZ,É|s178,34.785179,138.017152,1,0,0,-,-,-,,,
É,}s,[}s]()}Z,É}sF2-2-1,34.8331204,138.2515042,1,0,0,-,-,-,,,
É,xms,[xms]xmwZ,ÉxmsĔV{295,35.1663006,138.6589215,1,0,0,-,-,-,,,
É,xm{s,[xm{s]()xm{kZ,Éxm{s{k230,35.2380796,138.611538,1,0,0,-,-,-,,,
É,Os,[Os]V,ÉOsV789-1,34.6724571,138.1183378,1,0,0,-,-,-,,,
É,És,[És]zwZ,ÉÉsz2-20,34.9818691,138.5018523,1,0,0,-,-,-,,,
É,És,[És]@wZ,ÉÉsLi421-1,35.02569434,138.389509,1,0,0,-,-,-,,,
É,És,[És]ۈ牀,ÉÉs{11-32,35.008491,138.487198,1,0,0,-,-,-,,,
É,xms,[xms]xmꏬwZ,Éxms⟺107,35.1485655,138.6174687,1,0,0,-,-,-,,,
É,És,[És]쌴ۈ牀,ÉÉs쌴24-8,35.000349,138.475268,1,0,0,-,-,-,,,
É,És,[És]wZ,ÉÉs1723,35.0518749,138.476214,1,0,0,-,-,-,,,
É,}s,[}s]}wZ,É}sV1-1-1,34.8742887,138.2602914,1,0,0,-,-,-,,,
É,És,[És]()Z,ÉÉst5-1,35.0071052,138.4748541,1,0,0,-,-,-,,,
É,ĒÎs,[ĒÎs]쐼wZ,ÉĒÎs1688-1,34.8148205,138.2648752,1,0,0,-,-,-,,,
É,ɓs,[ɓs]kwZ,Éɓs360-1,34.9778936,139.0879867,1,0,0,-,-,-,,,
É,qSX,[X]VwZ,ÉX咹220,34.8590802,137.9418701,1,0,0,-,-,-,,,
É,És,[És]wZ,ÉÉs7-9,34.9822862,138.3830316,1,0,0,-,-,-,,,
É,Îs,[Îs]啽wZ,ÉÎs啽1144,35.0711433,138.9030428,1,0,0,-,-,-,,,
É,És,[És]},ÉÉs]15-23,35.011702,138.4796424,1,0,0,-,-,-,,,
É,xm{s,[xm{s]쒆wZ,Éxm{si410,35.2773765,138.573227,1,0,0,-,-,-,,,
É,as,[as]wZ,Éasc310,35.3156672,138.9452436,1,0,0,-,-,-,,,
É,xm{s,[xm{s]xm{lwZ,Éxm{sg13-1,35.2348657,138.5972286,1,0,0,-,-,-,,,
É,}s,[}s]vÒwZ,É}sc1-7-1,34.871453,138.2731763,1,0,0,-,-,-,,,
É,֓cs,[֓cs]֓cwZ,É֓cs2522-2,34.7168284,137.8454389,1,0,0,-,-,-,,,
É,܈s,[܈s]N[Z^[,É܈s6635-192,34.7162502,137.9439924,1,0,0,-,-,-,,,
É,܈s,[܈s]܈䓌ct,É܈s{2288,34.7608031,137.9379448,1,0,0,-,-,-,,,
É,ΌS͒Ò,[͒Ò]c,É͒Òc278,34.76339975,138.9838879,1,0,0,-,-,-,,,
É,És,[És]{kwZ,ÉÉs`n2-1,35.0046502,138.3686989,1,0,0,-,-,-,,,
É,xms,[xms]cwZ,Éxmsc480,35.1694981,138.7082304,1,0,0,-,-,-,,,
É,|s,[|s]()|HƍZ,É|s15-1,34.7700473,138.0285625,1,0,0,-,-,-,,,
É,܈s,[܈s]},É܈sR5093-5,34.699086,137.953986,1,0,0,-,-,-,,,
É,És,[És]͓wZ,ÉÉs揬͓2723,35.120958,138.5114998,1,0,0,-,-,-,,,
É,lsV,[ls]EwZ,ÉlsV搅En36,35.15398743,137.8705747,1,0,0,-,-,-,,,
É,֓cs,[֓cs]L,É֓csL1377-5,34.7117909,137.873417,1,0,0,-,-,-,,,
É,Os,[Os]HwZ,ÉOsH3521-3,34.6109882,138.1905628,1,0,0,-,-,-,,,
É,lslk,[ls]啽wZ,Élslk啽686,34.8528824,137.7426388,1,0,0,-,-,-,,,
É,Ésx͋,[És]ۈ牀,ÉÉsx͋~n2-7-14,34.9493182,138.4124327,1,0,0,-,-,-,,,
É,És,[És]wZ,ÉÉsBJ1-6-1,34.9858888,138.3971802,1,0,0,-,-,-,,,
É,֓cs,[֓cs]LwZ,É֓cs~n891,34.8356921,137.8657075,1,0,0,-,-,-,,,
É,܈s,[܈s]܈䒆wZ,É܈s701,34.7456711,137.9188659,1,0,0,-,-,-,,,
É,ls,[ls]wZ,Éls擌ɏ񒚖5-1,34.6985357,137.7215655,1,0,0,-,-,-,,,
É,lsV,[ls]CcwZ,ÉlsVt쒬Cc603-1,35.0038249,137.9058286,1,0,0,-,-,-,,,
É,ɓ̍s,[ɓ̍s]]ԖhЃZ^[,Éɓ̍s]1212-1,35.05292695,138.9255813,1,0,0,-,-,-,,,
É,as,[as]ct,Éas101-6,35.2927703,138.8908152,1,0,0,-,-,-,,,
É,s,[s]ct,És1470,35.1733909,138.9046155,1,0,0,-,-,-,,,
É,֓cs,[֓cs]֓cꒆwZ,É֓cs{39-1,34.7180895,137.8488858,1,0,0,-,-,-,,,
É,as,[as],ÉasV352-1,35.3023049,138.9471251,1,0,0,-,-,-,,,
É,xm{s,[xm{s]ŕxwZ,ÉŐ쒬1323,35.206636,138.566141,1,0,0,-,-,-,,,
É,lsk,[ls]쏬wZ,Élsk׍]2553,34.8090821,137.6774346,1,0,0,-,-,-,,,
É,Ésx͋,[És]嗢wZ,ÉÉsx͋撆400,34.9569531,138.3863765,1,0,0,-,-,-,,,
É,Ésx͋,[És]Vcۈ牀,ÉÉsx͋擌Vc4-1-14,34.9447907,138.3763972,1,0,0,-,-,-,,,
É,ΌS͒Ò,[͒Ò]{R~jeBhZ^[,É͒Ò{182-4,34.78449219,138.9472902,1,0,0,-,-,-,,,
É,ls,[ls]YwZ,ÉlsYFz9595,34.6946009,137.6329435,1,0,0,-,-,-,,,
É,xSR,[R]UwKZ^[,ÉR130,35.3496805,138.9582798,1,0,0,-,-,-,,,
É,cs,[cs]؎RW,Écs{829,34.75672475,138.9370712,1,0,0,-,-,-,,,
É,֓cs,[֓cs]A~[YLc,É֓csV304,34.73254799,137.8247477,1,0,0,-,-,-,,,
É,És,[És]cۉ,ÉÉs3-11-17,34.9916351,138.3840284,1,0,0,-,-,-,,,
É,És,[És]twZ,ÉÉs摳t420,35.0351995,138.4891992,1,0,0,-,-,-,,,
É,֓cs,[֓cs]wZ,É֓csL206,34.7119909,137.8792136,1,0,0,-,-,-,,,
É,Îs,[Îs]OwZ,ÉÎsі؂̋{888,35.0835766,138.8813768,1,0,0,-,-,-,,,
É,xms,[xms]{ÏwZ,Éxms1019,35.1623548,138.7383052,1,0,0,-,-,-,,,
É,܈s,[܈s]R,É܈sR95-1,34.7870188,137.9035533,1,0,0,-,-,-,,,
É,֓cs,[֓cs]암wZ,É֓cs씠32,34.6904619,137.8337937,1,0,0,-,-,-,,,
É,xms,[xms]gwZ,Éxms75,35.1630324,138.7238092,1,0,0,-,-,-,,,
É,Ésx͋,[És]{|wZ,ÉÉsx͋{|2-12-1,34.9517319,138.4174905,1,0,0,-,-,-,,,
É,܈s,[܈s],É܈sc267-8,34.7372139,137.9338759,1,0,0,-,-,-,,,
É,ΐs,[ΐs]VwZ,ÉΐsV1181,34.6954388,137.5553687,1,0,0,-,-,-,,,
É,Îs,[Îs]ܒwZ,ÉÎs܌15-1,35.113733,138.8645252,1,0,0,-,-,-,,,
É,ls,[ls]ώuwZ,ÉlsLʖk1200,34.7652934,137.7575013,1,0,0,-,-,-,,,
É,És,[És]lcUwK𗬊,ÉÉslc4-4,35.01509389,138.4828244,1,0,0,-,-,-,,,
É,cs,[cs]c񏬊wZ,Écsa2372,34.8368691,138.1694585,1,0,0,-,-,-,,,
É,֓cs,[֓cs]}wZ,É֓cs}|V391-6,34.7615902,137.8765652,1,0,0,-,-,-,,,
É,ĒÎs,[ĒÎs]LcwZ,ÉĒÎs܃PxV2,34.863543,138.2904469,1,0,0,-,-,-,,,
É,ĒÎs,[ĒÎs]()ĒÐYZ,ÉĒÎsĒ5-5-2,34.8599961,138.3175679,1,0,0,-,-,-,,,
É,ls,[ls]ewZ,Éls掛e431,34.6819278,137.7451058,1,0,0,-,-,-,,,
É,xS,[]wZ,É220,35.1059731,138.8967316,1,0,0,-,-,-,,,
É,|s,[|s]wZ,É|s3080,34.6882923,138.0593094,1,0,0,-,-,-,,,
É,xms,[xms]鉪wZ,Éxmsv2-3-1,35.191128,138.6487556,1,0,0,-,-,-,,,
É,֓cs,[֓cs]mkwZ,É֓csxV356,34.6943545,137.8106876,1,0,0,-,-,-,,,
É,xm{s,[xm{s]wZ,Éxm{s1115,35.3140751,138.5784146,1,0,0,-,-,-,,,
É,És,[És]쏬wZ,ÉÉs708-1,35.2234639,138.2390899,1,0,0,-,-,-,,,
É,lsV,[ls]Ë,ÉlsV搅En241-3,35.1548499,137.868854,1,0,0,-,-,-,,,
É,És,[És]ˋ@wZ,ÉÉs拍2095-2,35.06415096,138.3702592,1,0,0,-,-,-,,,
É,ΌS͒Ò,[͒Ò]R~jeBhZ^[,É͒Ò357-4,34.76089263,138.9823888,1,0,0,-,-,-,,,
É,cs,[cs]kP,ÉcskP332,34.7257728,138.9132534,1,0,0,-,-,-,,,
É,Îs,[Îs]񒆊wZ,ÉÎs{{1910-19,35.0907314,138.8485963,1,0,0,-,-,-,,,
É,lslk,[ls]lwZ,Élslk揬467,34.7908193,137.7778652,1,0,0,-,-,-,,,
É,ĒÎs,[ĒÎs]nhЃZ^[,ÉĒÎs537,34.8127275,138.3156083,1,0,0,-,-,-,,,
É,És,[És]쏬wZ,ÉÉs853,35.091968,138.2420541,1,0,0,-,-,-,,,
É,És,[És]VlẻƐJ炭,ÉÉs搴J2-1-1,34.99892155,138.4923532,1,0,0,-,-,-,,,
É,qVs,[qVs]菬wZ,ÉqVsÔg1001-1,34.7380988,138.2247181,1,0,0,-,-,-,,,
É,܈s,[܈s]䏬wZ,É܈sc692,34.7675871,137.8907554,1,0,0,-,-,-,,,
É,ɓ̍s,[ɓ̍s]mwZ,Éɓ̍sO1276-20,35.0002336,138.9488948,1,0,0,-,-,-,,,
É,ɓs,[ɓs]ɓwZ,ÉɓsSOV,34.9538316,138.9986444,1,0,0,-,-,-,,,
É,ΌS͒Ò,[͒Ò],É͒Ò2316-127,34.76356433,139.0191324,1,0,0,-,-,-,,,
É,És,[És]()twkZ,ÉÉs搣2-1-2,35.0143471,138.4175028,1,0,0,-,-,-,,,
É,ls,[ls]wZ,Éls揼钬108-1,34.7127647,137.7227508,1,0,0,-,-,-,,,
É,cs,[cs]ˏW,Écsl532-1,34.7070478,138.9761914,1,0,0,-,-,-,,,
É,s,[s]쎙,Ésɓc243,35.15661247,138.9051927,1,0,0,-,-,-,,,
É,xS,[]򏬊wZ,É򒬒y872-2,35.1374452,138.8988305,1,0,0,-,-,-,,,
É,És,[És]mȏwZ,ÉÉsg400,34.97943172,138.3153129,1,0,0,-,-,-,,,
É,|s,[|s]哌k,É|sy267-1,34.7033874,138.0475126,1,0,0,-,-,-,,,
É,qVs,[qVs]ЕlR~jeBhЃZ^[,ÉqVsЕl1111-1,34.7134188,138.2140854,1,0,0,-,-,-,,,
É,cs,[cs]cԊwZ,Écs͓741-2,34.7061028,138.9407269,1,0,0,-,-,-,,,
É,lsk,[ls]OwZ,ÉlskL196,34.788975,137.7196564,1,0,0,-,-,-,,,
É,Ésx͋,[És]ێqۈ牀,ÉÉsx͋ێq2-18-32,34.9428715,138.3556102,1,0,0,-,-,-,,,
É,ΌSɓ,[ɓ]Z^[,ɓmȂRXR,34.77121644,138.7756705,1,0,0,-,-,-,,,
É,ɓs,[ɓs]ijwZ,Éɓs136,34.8922888,138.931333,1,0,0,-,-,-,,,
É,És,[És],ÉÉs挮723-1,35.048508,138.2468614,1,0,0,-,-,-,,,
É,xm{s,[xm{s]xmwZ,Éxm{s쌴Vc4115-1,35.2539941,138.6184566,1,0,0,-,-,-,,,
É,ĒÎs,[ĒÎs]VR~jeBhЃZ^[,ÉĒÎsh6-1-5,34.86838045,138.3222013,1,0,0,-,-,-,,,
É,as,[as]xmwZ,ÉasR161,35.2599045,138.921698,1,0,0,-,-,-,,,
É,ɓ̍s,[ɓ̍s]()BRZ,Éɓ̍sBRBR229,35.0555273,138.9550358,1,0,0,-,-,-,,,
É,Os,[Os]RcwZ,ÉOs쌴J842]4,35.1347376,138.9360105,1,0,0,-,-,-,,,
É,ɓs,[ɓs]ij哌wZ,Éɓsi900,34.9487556,139.0309836,1,0,0,-,-,-,,,
É,֓cs,[֓cs]cN,É֓csFqVc186-1,34.6742816,137.8596231,1,0,0,-,-,-,,,
É,ls,[ls]()ܓwZ,Éls搼510,34.6679004,137.7697866,1,0,0,-,-,-,,,
É,s,s̈,És24,35.17969221,138.91328657,1,0,0,1,1,0,,,sw
É,És,[És]mȏwZ,ÉÉs匴942-1,35.00975,138.2762038,1,0,0,-,-,-,,,
É,ĒÎs,[ĒÎs]xwZ,ÉĒÎsVc637,34.8341389,138.2946464,1,0,0,-,-,-,,,
É,Os,[Os]lwZ,ÉOsrVc3923-1,34.6438914,138.1285767,1,0,0,-,-,-,,,
É,És,[És]LxꏬwZ,ÉÉsLx{3-1,35.0069824,138.4531977,1,0,0,-,-,-,,,
É,܈s,[܈s]O,É܈sFi147,34.8011198,137.8793833,1,0,0,-,-,-,,,
É,xm{s,[xm{s]VwZZ,Éxm{s155,35.4282165,138.5895748,1,0,0,-,-,-,,,
É,lsV,[ls]vԏwZ,ÉlsV捲vԒ50-1,35.0879468,137.8031115,1,0,0,-,-,-,,,
É,s,wZ,És685-1,35.17830368,138.92495775,1,0,0,1,1,0,,,sw
É,}s,[}s]()}SZ,É}sO2-1-1,34.845842,138.2532501,1,0,0,-,-,-,,,
É,cs,[cs]e̗,Écse643-2,34.81937547,138.108944,1,0,0,-,-,-,,,
É,És,[És]cwZ,ÉÉs썇3-4-1,35.0058147,138.413867,1,0,0,-,-,-,,,
É,MCs,[MCs]hЃZ^[,ÉMCs16-24,35.0865662,139.0649886,1,0,0,-,-,-,,,
É,cs,[cs]cOwZ,Écs1-10-1,34.8266731,138.1787879,1,0,0,-,-,-,,,
É,És,[És]{wZ,ÉÉs{Vc50,35.0223814,138.359808,1,0,0,-,-,-,,,
É,ΌSɓ,[ɓ]cqwZ,Éɓcq1320,34.8031045,138.7668826,1,0,0,-,-,-,,,
É,s,wZ,És450,35.18211139,138.90457606,1,0,0,1,1,0,,,sw
É,ΌS͒Ò,[͒Ò]ccR~jeBhZ^[,É͒Òc265-2,34.7588712,138.9871627,1,0,0,-,-,-,,,
É,xm{s,[xm{s][wZ,ÉŐ쒬[3909,35.19298887,138.5502112,1,0,0,-,-,-,,,
É,xm{s,[xm{s]qwZ,ÉŐ쒬q830,35.254538,138.532253,1,0,0,-,-,-,,,
É,Os,[Os]k㒆wZ,ÉOsq767]2,35.1529711,138.9173177,1,0,0,-,-,-,,,
É,xms,[xms]qҗыƎ{ݓW,ÉxmsK1025,35.24152496,138.758192,1,0,0,-,-,-,,,
É,|s,[|s]JwZ,É|s{561-1,34.8063399,137.9542671,1,0,0,-,-,-,,,
É,lsk,[ls]RwZ,ÉlskOR200,34.8247787,137.5368891,1,0,0,-,-,-,,,
É,s,{RwZ,És{R1502-1,35.24888264,138.85349217,1,0,0,1,1,0,,,sw
É,ɓs,[ɓs]쏬wZ,Éɓs976-1,34.8733529,139.1038912,1,0,0,-,-,-,,,
É,lslk,[ls]klwZ,ÉlslkPn1546,34.7924432,137.8106837,1,0,0,-,-,-,,,
É,ls,[ls]acwZ,Élst273-2,34.7249323,137.7828769,1,0,0,-,-,-,,,
É,ls,[ls]䏬wZ,Éls捲O31-1,34.7060402,137.6966813,1,0,0,-,-,-,,,
É,ΌSɓ,[ɓ]OlwZ,ÉɓqY1472,34.6716798,138.7844181,1,0,0,-,-,-,,,
É,ɓs,[ɓs]()ɓƍZ,Éɓsgc748-1,34.9449483,139.1164339,1,0,0,-,-,-,,,
É,Ésx͋,[És]LcwZ,ÉÉsx͋捑gc5-23-1,34.9913642,138.4370739,1,0,0,-,-,-,,,
É,s,{Rn挤CZ^[,És{R587-4,35.25210403,138.84734006,1,0,0,1,1,0,,,sw
É,ΌSɓ,[ɓ]lR~jeB[hЃZ^[,ÉɓFv{313-6,34.847031,138.7749481,1,0,0,-,-,-,,,
É,Os,[Os]쒆wZ,ÉOsxc6]18,35.1087617,138.9182296,1,0,0,-,-,-,,,
É,Ésx͋,[És]XwZ,ÉÉsx͋X2-1,34.9713237,138.3929615,1,0,0,-,-,-,,,
É,ɓs,[ɓs]CP쏬wZ,Éɓsv449,34.9773663,138.9507092,1,0,0,-,-,-,,,
É,Os,[Os]rVcct,ÉOsrVc5814,34.6386699,138.13096,1,0,0,-,-,-,,,
É,lslk,[ls]klkwZ,Élslk搼1588,34.8026442,137.7958156,1,0,0,-,-,-,,,
É,xS,[]()OZ,É򒬒|354,35.1194191,138.9004864,1,0,0,-,-,-,,,
É,s,x񏬊wZ,Ésac890,35.23225345,138.87373405,1,0,0,1,1,0,,,sw
É,cs,[cs]lwZ,Écsl1324-1,34.7003399,138.9712307,1,0,0,-,-,-,,,
É,Ésx͋,[És]c̈,ÉÉsx͋抙c574-1,34.93855577,138.3633635,1,0,0,-,-,-,,,
É,֓cs,[֓cs]۔_wl̉,É֓cs匴1654-1,34.6951124,137.8601468,1,0,0,-,-,-,,,
É,ĒÎs,[ĒÎs]2R~jeBhЃZ^[,ÉĒÎs{4-11-16,34.86147594,138.3214972,1,0,0,-,-,-,,,
É,֓cs,[֓cs]~,É֓csV613,34.7018756,137.8916074,1,0,0,-,-,-,,,
É,es,[es]R~jeBhЃZ^[,Ées1835,34.7036431,138.0880925,1,0,0,-,-,-,,,
É,s,썂Z,És900-1,35.17927831,138.90965915,1,0,1,1,1,0,,,sw
É,s,{RR~jeBZ^[,És{R1593-12,35.2507809,138.8476698,1,0,0,1,1,0,,,sw
É,xS,[]kwZ,É򒬉E1060,35.149491,138.8884505,1,0,0,-,-,-,,,
É,s,xۈ牀,Ésブc174-3,35.20443370,138.90506966,1,0,0,1,1,0,,,sw
É,xm{s,[xm{s]xmwZ,Éxm{sxmPu1794,35.2375523,138.6255921,1,0,0,-,-,-,,,
É,xm{s,[xm{s]kRwZ,Éxm{skR1582,35.2861928,138.6045739,1,0,0,-,-,-,,,
É,ΌSɓ,[ɓ]M쏬wZ,Éɓޗǖ{771-1,34.8129041,139.0603081,1,0,0,-,-,-,,,
É,lsk,[ls]()act,Élska18-2,34.925619,137.68631,1,0,0,-,-,-,,,
É,s,[ǒwZ,És[3806,35.20394819,138.92741459,1,0,0,1,1,0,,,sw
É,xS,wZ,ÉxS267,35.0965240,138.904070,1,1,1,1,1,0,846l,,wً}Ew
É,xm{s,[xm{s]kRwZ,Éxm{skR1092,35.2782242,138.6068323,1,0,0,-,-,-,,,
É,s,hۈ牀,Ésh1619-1,35.21309364,138.91164106,1,0,0,1,1,0,,,sw
É,És,[És]()Z,ÉÉsHg5-10,35.0294194,138.4798224,1,0,0,-,-,-,,,
É,܈s,[܈s]ÉHȑw,É܈sL2200-2,34.7382501,137.9614074,1,0,0,-,-,-,,,
É,ΌS͒Ò,[͒Ò]PR~jeBhЃZ^[,É͒ÒP61-22,34.77258709,138.9601308,1,0,0,-,-,-,,,
É,}s,[}s]𗬃Z^[,É}s{513-1,34.9603635,138.2535438,1,0,0,-,-,-,,,
É,s,{Rct,És{R158-1,35.24922656,138.84640142,1,0,0,1,1,0,,,sw
É,xS,wZ,ÉxS87,35.1025221,138.903813,1,1,1,1,1,0,705l,,wً}Ew
É,Os,[Os]RwZ,ÉOsJc1946,35.1045954,138.9384279,1,0,0,-,-,-,,,
É,xS,̈,ÉxS287-1,35.0962843,138.903027,1,1,1,1,1,0,310l,,wً}Ew
É,as,[as]()aꍂZ,Éasa192-1,35.3174526,138.9393025,1,0,0,-,-,-,,,
É,ls,[ls]쏬wZ,Éls쒬8757,34.6994632,137.6860937,1,0,0,-,-,-,,,
É,cs,[cs],Écs1385,34.85001988,138.0875258,1,0,0,-,-,-,,,
É,cs,[cs]q쏬wZ,Écs쌴10,34.7973989,138.2248725,1,0,0,-,-,-,,,
É,s,xct,Ésac890,35.2316780,138.8741307,1,0,0,1,1,0,,,sw
É,MCs,ꏬwZ,ÉMCsXQOԒn̂P,35.0493934,139.0700437,1,0,0,-,-,-,,,
É,És,[És]Vxۈ牀,ÉÉsVxO21-2,34.97148536,138.3693843,1,0,0,-,-,-,,,
É,MCs,ꒆwZ,ÉMCsPTSXԒn̂P,35.046688,139.0643387,1,0,0,-,-,-,,,
É,xms,[xms]gOwZ,Éxms2126,35.1706509,138.7157156,1,0,0,-,-,-,,,
É,És,[És]mȓssR𗬃Z^[,ÉÉs匴1834,35.0135799,138.2705461,1,0,0,-,-,-,,,
É,Ésx͋,[És]()Éw,ÉÉsx͋J836,34.965403,138.4316999,1,0,0,-,-,-,,,
É,cs,[cs]썪n𗬃Z^[,Écs썪546,34.9529865,138.0828998,1,0,0,-,-,-,,,
É,s,[ǃR~jeBZ^[,És[657,35.20323970,138.91853498,1,0,0,1,1,0,,,sw
É,MCs,wZ,ÉMCsMCPWWUԒn̂V,35.0876099,139.0467626,0,1,0,-,-,-,,,
É,És,[És]acwZ,ÉÉsac611,35.1086174,138.4806404,1,0,0,-,-,-,,,
É,MCs,ɓRwZ,ÉMCsɓRVPPԒn,35.1158021,139.0839284,1,0,0,-,-,-,,,
É,xm{s,[xm{s]()ˍZ,Éxm{sR1068,35.2015564,138.616791,1,0,0,-,-,-,,,
É,És,[És]UwK𗬊,ÉÉsu7-1,35.0113354,138.4788814,1,0,0,-,-,-,,,
É,ΌS͒Ò,[͒Ò]R~jeBhЃZ^[,É͒Ò83-3,34.7488055,138.9922261,1,0,0,-,-,-,,,
É,}s,[}s]}wZ,É}sH1-1-51,34.8702194,138.2409959,1,0,0,-,-,-,,,
É,xS,쏬wZ,ÉxS182-1,35.0908070,138.906499,1,1,1,1,1,0,970l,,wً}Ew
É,xSR,RZ,ÉxSR|V369,35.32875205,138.97525609,1,1,0,-,-,-,,,ꎟiΑΉ܂ށj
É,܈s,[܈s]܈쏬wZ,É܈s740,34.7420634,137.9319427,1,0,0,-,-,-,,,
É,MCs,RwZ,ÉMCsRUԂT,35.1063391,139.0740379,1,0,0,-,-,-,,,
É,}s,[}s]wZ,É}st1-7-1,34.8450023,138.2430018,1,0,0,-,-,-,,,
É,qVs,[qVs]ǏwZ,ÉqVsg1643,34.6866019,138.1963896,1,0,0,-,-,-,,,
É,És,[És]ޒwZ,ÉÉs擌14-1,35.0113561,138.4275187,1,0,0,-,-,-,,,
É,xms,[xms]xm쏬wZ,Éxms{551,35.1355512,138.6458946,1,0,0,-,-,-,,,
É,xS,n𗬃Z^[,ÉxS6-1,35.1051556,138.904630,1,1,1,1,1,0,475l,,
É,es,ЭèhоuЂ炩فv,Ées1835,34.7036675,138.088056,1,0,0,0,1,0,144l,,swt
É,xSR,[R]kwZ,ÉRp355,35.3483886,138.9456205,1,0,0,-,-,-,,,
É,xSR,kwZ,ÉxSRp355,35.34763854,138.94588372,1,1,0,-,-,-,,,ꎟ
É,xm{s,[xm{s]xmkwZIqZ,Éxm{sIq1828,35.27530353,138.6612322,1,0,0,-,-,-,,,
É,lsk,[ls]()v؏wZ,Élskv63-4,34.9031911,137.6982021,1,0,0,-,-,-,,,
É,ĒÎs,[ĒÎs]()썂Z,ÉĒÎsVc292-1,34.8206565,138.2747547,1,0,0,-,-,-,,,
É,qVs,[qVs]nۈ牀,ÉqVsn75-1-3,34.63553812,138.1913449,1,0,0,-,-,-,,,
É,MCs,򏬒wZ,ÉMCsQWOԒn,35.1360307,139.0806086,1,0,0,-,-,-,,,
É,es,,Ées6225,34.7018313,138.090103,1,0,0,1,0,0,583l,,swt
É,܈s,[܈s]RwZ,É܈st684,34.7902713,137.9132632,1,0,0,-,-,-,,,
É,es,qV_wl̉,ÉesqV227-5,34.7476679,138.135041,1,0,0,1,1,0,116l,,swt
É,}s,[}s]FwZ,É}s1315,34.843048,138.2698882,1,0,0,-,-,-,,,
É,es,[es]}쏬wZ,Ées3503,34.6807136,138.1001447,1,0,0,-,-,-,,,
É,es,[es]()twe쒆EZ,Ées1550,34.7568879,138.0812484,1,0,0,-,-,-,,,
É,És,[És]ԒwZ,ÉÉsVx1-23-1,34.9752815,138.3689469,1,0,0,-,-,-,,,
É,MCs,R~jeBZ^[,ÉMCsPUԂSR,35.0865662,139.0649886,1,0,0,-,-,-,,,
É,xms,啣ꏬwZ,Éxms啣3012Ԓn,35.21182584,138.68575108,1,0,0,1,1,0,1362l,,
É,lslk,[ls]lkkwZ,Élslk扗C2961,34.8285267,137.8008034,1,0,0,-,-,-,,,
É,es,}Z ̈,Éesn1222-3,34.7334664,138.096061,1,0,0,1,0,0,808l,,swt
É,es,[es]nwZ,Éesn1886,34.7254614,138.0951372,1,0,0,-,-,-,,,
É,Ésx͋,[És]()É썂Z,ÉÉsx͋J5762,34.9592535,138.4369023,1,0,0,-,-,-,,,
É,És,[És]awZ,ÉÉs打Vc69-1,35.0300582,138.3684211,1,0,0,-,-,-,,,
É,xms,[xms]wZ,ÉxmsD220,35.1496594,138.7640423,1,0,0,-,-,-,,,
É,ΌSɓ,knhЃZ^[,ÉΌSɓޗǖ{1011,34.827982,139.075906,1,1,0,-,-,-,,,
É,xms,gkwZ,Éxmsc2259,35.18563742,138.71920627,1,0,0,1,1,0,1412l,,
É,ĒÎs,[ĒÎs]쒆wZ,ÉĒÎs4-7-1,34.8530276,138.3137768,1,0,0,-,-,-,,,
É,es,xVwZ,Ées2140,34.7625445,138.074399,1,0,0,1,0,0,278l,,swẗفAswً}ntOEh
É,ΌSɓ,[ɓ]znR~jeBhЃZ^[,Éɓm651,34.77034171,138.7828656,1,0,0,-,-,-,,,
É,xm{s,[xm{s]MDwZ,Éxm{sMD3-3,35.227389,138.6025448,1,0,0,-,-,-,,,
É,MCs,[MCs]RwZ,ÉMCsR6-5,35.1063391,139.0740379,1,0,0,-,-,-,,,
É,xSR,[R]{wZ,ÉR{70-18,35.3644412,138.8696667,1,0,0,-,-,-,,,
É,es,()a(G)n𗬕,Ées2774-1,34.6743041,138.106656,1,0,0,1,0,0,30l,,st
É,xms,wZ,ÉxmsD220Ԓn,35.14965893,138.76404221,1,0,0,1,1,0,550l,,
É,cs,[cs]cꏬwZ,Écs2-19-1,34.8400963,138.1529215,1,0,0,-,-,-,,,
É,es,͏鏬wZ,Éesg556-2,34.7736849,138.113205,1,0,0,1,0,0,266l,,swẗفAswً}ntOEh
É,És,[És]()Épaw@wEZ,ÉÉs搼[8-1,34.9818335,138.3796763,1,0,0,-,-,-,,,
É,s,cwZ,És1133,35.17404829,138.92152794,1,0,0,1,1,0,,,sw
É,ls,[ls],Éls救㒬ٓV5005-1,34.697477,137.6058689,1,0,0,-,-,-,,,
É,ls,[ls]SwZ,Éls撆S897,34.7690408,137.7748665,1,0,0,-,-,-,,,
É,es,()a(),ÉesI1284,34.7039341,138.104785,1,0,0,1,0,0,20l,,st
É,xms,xmꒆwZ,Éxms╣855-3,35.14958684,138.62177114,1,0,0,1,1,0,1293l,,
É,ΌS͒Ò,[͒Ò]J,É͒Ò1667,34.7709124,139.0078557,1,0,0,-,-,-,,,
É,es,}kwZ,Éesc59,34.6997410,138.080793,1,0,0,1,0,0,312l,,swẗفAswً}ntOEh
É,qSX,[X]OqwZ,ÉXOq740,34.9023772,137.947227,1,0,0,-,-,-,,,
É,s,{RwZ,És{R165,35.25041254,138.84687631,1,0,1,1,1,0,,,sw
É,cs,[cs]hl,Écs125,34.689796,138.8986453,1,0,0,-,-,-,,,
É,s,[s]ًyїؐ},És495,35.1752712,138.9106039,1,0,0,-,-,-,,,
É,xms,gwZ,Éxms䒬6-1,35.15796807,138.68273802,1,0,0,1,1,1,1471l,,
É,ΌS͒Ò,[͒Ò]JÃR~jeBhЃZ^?,É͒ÒJ301-23,34.74660688,138.9918441,1,0,0,-,-,-,,,
É,es,͏nZ^[,Éesg451-1,34.7710556,138.112302,1,0,0,0,1,0,193l,,swt
É,xm{s,[xm{s]VwZ,Éxm{sV999,35.3747346,138.5666779,1,0,0,-,-,-,,,
É,s,쎙,Ésɓc806-14,35.15659467,138.90519628,1,0,0,1,1,0,,,sw
É,}s,[}s]vÏwZ,É}sc1-7-20,34.8722279,138.2744984,1,0,0,-,-,-,,,
É,֓cs,[֓cs][NsA֓c,É֓cs2989-3,34.71902612,137.854802,1,0,0,-,-,-,,,
É,xms,xm̈,Éxmsؓ89-1,35.17527541,138.61587728,1,0,0,1,1,0,1067l,,
É,qVs,[qVs]g[Nn,ÉqVsV291-5,34.6307337,138.1917065,1,0,0,-,-,-,,,
É,xms,xm쏬wZ,Éxms{551Ԓn,35.13555078,138.64589434,1,0,0,1,1,1,1536l,,
É,xms,[xms](s)xmsZ,Éxms1654,35.1676514,138.725459,1,0,0,-,-,-,,,
É,s,쏬wZ,Ésɓc806-5,35.15631694,138.90443521,1,0,1,1,1,0,,,sw
É,qVs,[qVs]]斯,ÉqVs]530-1,34.6932772,138.2022465,1,0,0,-,-,-,,,
É,lsk,[ls]()򏬊wZ,Élsk1520,34.8584085,137.7177462,1,0,0,-,-,-,,,
É,xms,鉪wZ,Éxmsv713Ԓn,35.19560475,138.65277998,1,0,0,1,1,0,1875l,,
É,Îs,[Îs]剪wZ,ÉÎs剪2358,35.1126917,138.8789994,1,0,0,-,-,-,,,
É,xms,VԏwZ,ÉxmsV50Ԓn,35.20075089,138.63583699,1,0,0,1,1,0,1102l,,
É,És,[És]ÒwZ,ÉÉs拻Ò1478-10,35.0560609,138.522265,1,0,0,-,-,-,,,
É,s,ݗct,És123-1,35.17759240,138.91362834,1,0,0,1,1,0,,,sw
É,ɓs,[ɓs]F⏬wZ,ÉɓsF708-3,34.9904868,138.9308494,1,0,0,-,-,-,,,
É,|s,[|s]O܋,É|s{725-8,34.68932,137.978158,1,0,0,-,-,-,,,
É,܈s,[܈s]HwZ,É܈sH2800,34.720841,137.9274521,1,0,0,-,-,-,,,
É,xms,⏼kwZ,Éxms{123Ԓn1,35.17526488,138.63937033,1,0,0,1,1,0,1342l,,
É,܈s,[܈s]cct,É܈sVr190-1,34.7292395,137.9076927,1,0,0,-,-,-,,,
É,s,xct,Ésh682-14,35.20260619,138.90513915,1,0,0,1,1,0,,,sw
É,MCs,[MCs]ԑ㏬wZ,ÉMCsԑ195,35.0480611,139.0926277,1,0,0,-,-,-,,,
É,lsV,[ls]wZ,ÉlsVR2550,34.8777818,137.8246057,1,0,0,-,-,-,,,
É,s,[Ǘct,És[696,35.20596982,138.91725730,1,0,0,1,1,0,,,sw
É,xms,g񒆊wZ,Éxms1955,35.17047221,138.69271472,1,0,0,1,1,0,1432l,,
É,És,[És]VʏwZ,ÉÉs`2-4-47,34.9701904,138.3771102,1,0,0,-,-,-,,,
É,s,ct,És1470,35.17339001,138.90461533,1,0,0,1,1,0,,,sw
É,lslk,[ls]kl쏬wZ,Élslk掛3010,34.7844122,137.7911839,1,0,0,-,-,-,,,
É,ls,[ls]zwZ,Éls搼700,34.6810573,137.7775914,1,0,0,-,-,-,,,
É,s,wZ,És399,35.17460099,138.91446457,1,0,1,1,1,0,,,sw
É,xms,uwZ,Éxms2075Ԓn,35.18934185,138.66467601,1,0,0,1,1,0,1432l,,
É,as,[as]R~jeBp{,Éas1777,35.31842356,138.8818429,1,0,0,-,-,-,,,
É,xS,^,ÉxS52-17,35.1109305,138.901286,0,1,0,1,1,0,,,wً}iOEhj
É,ls,[ls]_vCwZ,Éls_PJ3490,34.7277259,137.669494,1,0,0,-,-,-,,,
É,xms,[xms]⏼kwZ,Éxms{123-1,35.1752658,138.6393701,1,0,0,-,-,-,,,
É,s,sZ^[,ÉsΘe586,35.19954286,138.91441330,1,0,1,1,1,0,,,sw
É,xms,{ۈ牀,Éxms{581-33,35.18450256,138.63902055,1,0,0,1,1,0,68l,,
É,És,[És]ˋ@wZ,ÉÉs扺1353-1,35.0313581,138.377062,1,0,0,-,-,-,,,
É,xSR,{wZ,ÉxSR{70-18,35.36444147,138.86966612,1,1,0,-,-,-,,,ꎟ
É,És,[És]͓wZ,ÉÉs撆͓2583-1,35.1370663,138.4707349,1,0,0,-,-,-,,,
É,MCs,[MCs]wZ,ÉMCsMC̑1886-7,35.0876099,139.0467626,1,0,0,-,-,-,,,
É,xS,hЃZ^[,ÉxSq1603-40,35.0883335,138.898687,1,1,1,1,1,0,100l,,
É,xms,啣wZ,Éxms啣2920,35.21259521,138.68792861,1,0,0,1,1,0,1685l,,
É,s,ًyїؐ},És495,35.17527035,138.91060373,1,1,0,1,1,0,,,sw
É,xSR,wZ,ÉxSR|V2411-1,35.33273760,138.98342740,1,1,0,-,-,-,,,ꎟiΑΉ܂ށj
É,s,ۈ牀,És504-1,35.17045133,138.91285107,1,0,0,1,1,0,,,sw
É,ĒÎs,[ĒÎs]쏬wZ,ÉĒÎs2525,34.8498224,138.3161125,1,0,0,-,-,-,,,
É,MCs,MCwZ,ÉMCsPSWSԒn̂QQ,35.0532871,139.0651525,1,0,0,-,-,-,,,
É,xms,cqYwZ,Éxms98Ԓn,35.13845949,138.67081700,1,0,0,1,1,1,1383l,,
É,s,wZ,És1143,35.17775071,138.90462625,1,1,1,1,1,0,,,sw
É,es,cnЭèu݂˂فv,Éesc1273,34.6953534,138.080016,1,0,0,0,1,0,143l,,swt
É,s,畟uwZ,És畟u4-12-1,35.19884530,138.88328584,1,0,1,1,1,0,,,sw
É,܈s,[܈s]܈䓌,É܈sL2506-1,34.7580786,137.9460109,1,0,0,-,-,-,,,
É,MCs,wZ,ÉMCsQPXԒn,35.042292,139.1707189,1,0,0,-,-,-,,,
É,xms,xmwZ,Éxms2921,35.18058788,138.70026656,1,0,0,1,1,0,1866l,,
É,xS,wZ,ÉxS220,35.1059726,138.896543,1,1,1,1,1,0,657l,,wً}Ew
É,es,}쏬wZ,Ées3503,34.6807053,138.100090,1,0,0,1,0,0,271l,,swẗفAswً}ntOEh
É,s,xwZ,Ésh579,35.20037593,138.90383657,1,0,0,1,1,0,,,sw
É,xm{s,[xm{s]wZ,Éxm{sR380,35.2089075,138.5911655,1,0,0,-,-,-,,,
É,xSR,ϏwZ,ÉxSR627,35.35297410,138.97831535,1,1,0,-,-,-,,,ꎟiΑΉ܂ށj
É,xms,Vԗct,ÉxmsV1047-1,35.20911689,138.64276117,1,0,0,1,1,0,159l,,
É,MCs,񏬊wZ,ÉMCsRԂQO,35.0888577,139.0677245,1,0,0,-,-,-,,,
É,es,ΏwZ,Ées5114,34.7446787,138.083056,1,0,0,1,0,0,234l,,swẗفAswً}ntOEh
É,xS,쒆wZ,ÉxSq2222-4,35.0923496,138.886502,1,1,1,1,1,0,682l,,wً}Ew
É,Os,[Os]쏬wZ,ÉOs238,35.1685277,138.9241226,1,0,0,-,-,-,,,
É,es,xmwZ,Ées5430,34.6976881,138.094287,1,0,0,1,0,0,405l,,swẗفAswً}ntOEh
É,xms,򏬊wZ,Éxms3171,35.16236203,138.69783369,1,0,0,1,1,0,1741l,,
É,ΌSɓ,АnhЃZ^[,ÉΌSɓА584-1,34.804697,139.060698,1,1,0,-,-,-,,,
É,es,}wZ,Ées1348-2,34.7014059,138.113786,1,0,0,1,0,0,276l,,swẗفAswً}ntOEh
É,MCs,ԑ㏬wZ,ÉMCsԑPXTԒn,35.0480611,139.0926277,1,0,0,-,-,-,,,
É,cs,[cs]cꒆwZ,Écs3-18-1,34.8388188,138.1552547,1,0,0,-,-,-,,,
É,es,}nЭèu݂Ȃ݂܉فv,Ées3669-1,34.6823429,138.098872,1,0,0,0,1,0,144l,,swt
É,xSR,Nٔ,ÉxSRR75-7,35.36049840,138.99329986,1,1,0,-,-,-,,,ꎟiΑΉ܂ށjyѕ
É,es,ΒnZ^[,Ées5112,34.7439229,138.082056,1,0,0,0,1,0,125l,,swt
É,xSR,wZ,ÉxSR150,35.36342028,138.98652812,1,1,0,-,-,-,,,ꎟiΑΉ܂ށj
É,xm{s,[xm{s]xmwZ,Éxm{s쌴Vc3992,35.2505141,138.6213785,1,0,0,-,-,-,,,
É,es,nnZ^[,Éesy28,34.7295167,138.093027,1,0,0,0,1,0,129l,,swt
É,xSR,kwZ,ÉxSRp604-1,35.34423615,138.94253720,1,1,0,-,-,-,,,ꎟ
É,es,ۗ{Z^[e,Ées88,34.6951458,138.072174,1,0,0,1,0,0,547l,,swt
É,xSR,UwKZ^[,ÉxSR130,35.34968013,138.95827890,1,0,1,-,-,-,,,LiΑΉ܂ށj
É,s,[ǏwZ,És[655,35.20267032,138.91829891,1,0,1,1,1,0,,,sw
É,es,e쓌wZ,Ées{670,34.7621027,138.097317,1,0,0,1,0,0,330l,,swẗفAswً}ntOEh
É,xSR,RwZ,ÉxSR142,35.36049840,138.98652812,1,1,0,-,-,-,,,ꎟiΑΉ܂ށj
É,es,()J̉(e엾),Éesn133,34.7190969,138.080823,1,0,0,1,0,0,20l,,st
É,es,ZnZ^[,Ées{1634-7,34.7520135,138.092845,1,0,0,0,1,0,158l,,swt
É,s,xꏬwZ,Ésh600,35.20050648,138.90521977,1,0,1,1,1,0,,,sw
É,es,tЭè,Éest1-12-2,34.7579381,138.095457,1,0,0,1,1,0,197l,,swt
É,xSR,{wZ,ÉxSR{99-7,35.36499973,138.86891338,1,1,0,-,-,-,,,ꎟ
É,xms,xmꏬwZ,Éxms╣107,35.14856449,138.61746858,1,0,0,1,1,0,1115l,,
É,es,()J̉(),Ées㕽7-1,34.7188624,138.082259,1,0,0,1,0,0,20l,,st
É,s,ی,ÉsΘe524-1,35.19564607,138.91111100,1,0,0,1,1,0,,,sw
É,xms,xm쒆wZ,ÉxmsX550Ԓn,35.13813377,138.64635547,1,0,0,1,1,1,1968l,,
É,es,()J̉(JƏ),Ées㕽7-1,34.7188624,138.082259,1,0,0,1,0,0,20l,,st
É,xms,cwZ,Éxmsc480Ԓn,35.16949742,138.70822982,1,0,0,1,1,0,1051l,,
É,es,twe쒆EZ@̈,Ées1550,34.7562626,138.082232,1,0,0,1,0,0,1155l,,swt
É,s,xR~jeBZ^[,Ésh680-1,35.20210902,138.90405872,1,0,0,1,1,0,,,sw
É,xms,xmwZ,ÉxmsĔV{295Ԓn,35.16629996,138.65892113,1,0,0,1,1,0,1276l,,
É,es,s̈,Éesԓy1070-1,34.6942546,138.093571,1,0,0,1,0,0,1117l,,swt
É,xms,gwZ,Éxms342,35.13991174,138.71626264,1,0,0,1,1,1,1123l,,
É,es,()(z),ÉesC682-1,34.7743455,138.094253,1,0,0,1,0,0,20l,,st
É,s,ۈ牀,És1154,35.17664248,138.90429854,1,0,0,1,1,0,,,sw
É,xms,xmswZ,Éxms1654Ԓn,35.16755336,138.72561993,1,0,0,1,1,0,3078l,,
É,es,nwZ,Éesn1886,34.7254611,138.095126,1,0,0,1,0,0,228l,,swẗفAswً}ntOEh
É,xms,gwZ,Éxms2160,35.17078326,138.68784578,1,0,0,1,1,0,1717l,,
É,es,}nЭèuv,Ées1371-2,34.7014923,138.112847,1,0,0,0,1,0,172l,,swt
É,s,[Ǖۈ牀,És[1918,35.20141773,138.91922384,1,0,0,1,1,0,,,sw
É,xms,gꒆwZ,Éxmsick71,35.16502548,138.67664700,1,0,0,1,1,0,1870l,,
É,es,esˍZ@̈,Ées͓5442-5,34.6697686,138.101962,1,0,0,1,0,0,380l,,swt
É,xms,t䏬wZ,ÉxmsF295Ԓn,35.18872861,138.69795006,1,0,0,1,1,0,1304l,,
É,es,w,Ées4345-2,34.7681602,138.063382,1,0,0,1,0,0,30l,,st
É,xS,ÏƍZ,ÉxSq1205,35.0840596,138.890529,1,1,1,1,1,0,460l,,wً}Ew
É,es,cnZ^[,Éesc1730,34.7257328,138.073458,1,0,0,0,1,0,194l,,swt
É,xms,xzwZ,Éxms`@630Ԓn,35.18622293,138.67239186,1,0,0,1,1,0,1683l,,
É,es,()Mlbg(nZ^[܂),Éesԓy1660-1,34.6928598,138.089190,1,0,0,1,0,0,30l,,st
É,MCs,ꏬwZ,ÉMCsRSPԂP,35.1012869,139.0674108,1,0,0,-,-,-,,,
É,xms,gwZ,Éxms75,35.16303160,138.72380904,1,0,0,1,1,0,602l,,
É,xms,xmꏬwZ,Éxms{s280Ԓn2,35.15611218,138.65351053,1,0,0,1,1,0,1675l,,
É,es,ZwZ,Ées{2200,34.7457571,138.094554,1,0,0,1,0,0,247l,,swẗفAswً}ntOEh
É,MCs,MCwZ,ÉMCsRVԂV,35.106528,139.0751822,1,0,0,-,-,-,,,
É,xms,_ˏwZ,Éxms_633,35.18980357,138.71257353,1,0,0,1,1,0,1037l,,
É,xms,⏼wZ,Éxms850Ԓn,35.16452432,138.63303457,1,0,0,1,1,0,1259l,,
É,xms,cqYwZ,Éxms411Ԓn,35.13563481,138.66893940,1,0,0,1,1,1,1701l,,
É,es,nZ^[,ÉesxV70-1,34.7578080,138.083533,1,0,0,0,1,0,30l,,swt
É,xms,xmwZ,Éxms_11,35.15548425,138.64666399,1,0,0,1,1,0,3160l,,
É,xms,gi񏬊wZ,ÉxmsL149Ԓn1,35.19326158,138.72272803,1,0,0,1,1,0,889l,,
É,xms,ۈ牀,ÉxmscVc147-3,35.13616541,138.73741119,1,0,0,1,1,0,88l,,
É,es,e쐼wZ,Ées38,34.7520397,138.083601,1,0,0,1,0,0,352l,,swẗفAswً}ntOEh
É,xms,xm䏬wZ,Éxmsxm112Ԓn,35.18448472,138.71005718,1,0,0,1,1,0,1278l,,
É,xms,鉪wZ,Éxmsv231,35.19112728,138.64875551,1,0,0,1,1,0,1242l,,
É,xms,{ÏwZ,Éxms1019Ԓn,35.16235411,138.73830511,1,0,0,1,1,0,1274l,,
É,es,cwZ,Éesc1637,34.7263251,138.073306,1,0,0,1,0,0,228l,,swẗفAswً}ntOEh
É,xms,啣񏬊wZ,Éxms啣8673-1,35.24343024,138.69982661,1,0,0,1,1,0,434l,,
É,xms,xmwZ,Éxms320Ԓn,35.16245564,138.64783334,1,0,0,1,1,0,2035l,,
É,es,nZ^[,Ées2300-1,34.7631711,138.070153,1,0,0,0,1,0,139l,,swt
É,xms,xm񏬊wZ,Éxmsk1959,35.18415746,138.59714506,1,0,0,1,1,0,861l,,
É,es,()(v̉)畔,Ées2-4-16,34.7544098,138.092751,1,0,0,1,0,0,30l,,st
É,xms,`@wZ,Éxms`@2743Ԓn,35.17046913,138.66906172,1,0,0,1,1,0,1557l,,
É,xms,xmwZ,Éxms{17,35.16649976,138.65339114,1,0,0,1,1,0,2344l,,
É,xms,qҗыƎ{ݓW,ÉxmsK1025,35.24137820,138.75854088,1,0,0,1,1,0,22l,,
É,xms,giꏬwZ,Éxms1431Ԓn,35.16572295,138.72163140,1,0,0,1,1,0,1205l,,
É,xms,gOwZ,Éxms2126Ԓn,35.17065014,138.71571520,1,0,0,1,1,0,1459l,,
É,xms,xm񒆊wZ,Éxmsk1963-6,35.18480186,138.59768392,1,0,0,1,1,0,851l,,
É,xms,{ÒwZ,Éxms1156,35.16542877,138.73850781,1,0,0,1,1,0,1671l,,
É,xms,⏼wZ,Éxms2353Ԓn1,35.16833215,138.63086806,1,0,0,1,1,0,1610l,,
É,xms,gwZ,Éxms쒆28-1,35.13877015,138.70408309,1,0,0,1,1,1,1361l,,
É,xms,LwZ,ÉxmsL{1-1,35.18460945,138.68587646,1,0,0,1,1,0,1474l,,
É,MCs,,ÉMCsUWԒn̂P,35.14245217,139.0788092,0,1,0,-,-,-,,,
É,MCs,MC~,ÉMCs~PPUXԒn̂P,35.09761938,139.0594754,0,1,0,-,-,-,,,