都道府県,市区町村,避難所名,住所,緯度,経度,避難所,一時避難所,広域避難所,地震,風水害,津波,収容人数,備蓄品,備考
香川県,丸亀市,栗熊保育所,香川県丸亀市栗熊東271,34.237447685352,133.88382587417,1,0,0,-,-,-,,,避難所
香川県,丸亀市,綾歌中学校,香川県丸亀市綾歌町栗熊東431,34.236581096812,133.88329673174,1,0,0,-,-,-,,,避難所
香川県,三豊市,大野地公民館,香川県三豊市財田町財田中4026-4,34.111862707395,133.76399132759,1,0,0,-,-,-,,,避難所
香川県,丸亀市,あやうた幼稚園,香川県丸亀市綾歌町岡田東1150,34.235714655893,133.86933392601,1,0,0,-,-,-,,,避難所
香川県,小豆郡土庄町,屋形崎公民館,香川県小豆郡土庄町屋形崎,34.527581602057,134.22316039563,1,0,0,-,-,-,,,避難所
香川県,丸亀市,綾歌総合文化会館,香川県丸亀市綾歌町栗熊西1680番地,34.231390113161,133.8786833772,1,0,0,-,-,-,,,避難所
香川県,丸亀市,オークラホテル丸亀,香川県丸亀市富士見町3丁目3番50号,34.306800871398,133.79519922913,-,-,-,0,0,1,,,津波避難ビル
香川県,観音寺市,豊浜南部集会所,香川県観音寺市豊浜町和田甲493番地1,34.067587772401,133.64757833644,1,0,0,-,-,-,,,避難所
香川県,坂出市,旧西部小学校体育館,香川県坂出市白金町1丁目3番7号,34.313907896498,133.84659390072,1,0,0,-,-,-,,,避難所
香川県,綾歌郡綾川町,昭和小学校,香川県綾歌郡綾川町畑田2373-1,34.247295857234,133.97927651966,1,0,0,-,-,-,,,避難所
香川県,仲多度郡まんのう町,琴南公民館,香川県仲多度郡まんのう町中通875番地,34.141886951275,133.96022034919,1,0,0,-,-,-,,,避難所
香川県,坂出市,加茂小学校,香川県坂出市加茂町1099,34.311600855508,133.90921755906,1,0,0,-,-,-,,,避難所
香川県,善通寺市,西中学校,香川県善通寺市文京町4-1-1,34.223332671718,133.78044973719,1,0,0,-,-,-,,,避難所
香川県,小豆郡土庄町,旭屋旅館,香川県小豆郡土庄町土庄甲,34.488957143275,134.1748577415,1,0,0,-,-,-,,,避難所
香川県,丸亀市,山根文化センター,香川県丸亀市本島町笠島100番地2,34.389166574363,133.78528012521,1,0,0,-,-,-,,,避難所
香川県,小豆郡小豆島町,蒲生公民館,香川県小豆郡小豆島町蒲生甲1805番地1,34.483488334091,134.21082431667,1,0,0,-,-,-,,,避難所
香川県,小豆郡土庄町,土庄八幡神社,香川県小豆郡土庄町大木戸,34.485027638572,134.17040196398,1,0,0,-,-,-,,,避難所
香川県,さぬき市,椿の庄さんがわ,香川県さぬき市寒川町石田東甲,34.261324134677,134.21299912857,1,0,0,-,-,-,,,避難所
香川県,丸亀市,丸亀魚市場,香川県丸亀市港町307番地,34.298835106842,133.79377462683,-,-,-,0,0,1,,,津波避難ビル
香川県,観音寺市,豊田小学校,香川県観音寺市新田町1413,34.10980678966,133.70274457678,1,0,0,-,-,-,,,避難所
香川県,東かがわ市,誉水公民館,香川県東かがわ市中筋470番地,34.242109340597,134.32200166596,1,0,0,-,-,-,,,避難所
香川県,小豆郡土庄町,勤労者体育館,香川県小豆郡土庄町淵崎甲2113-5,34.486899390118,134.19328893483,1,0,0,-,-,-,,,避難所
香川県,丸亀市,城坤幼稚園,香川県丸亀市今津町278,34.277140357926,133.78310691012,1,0,0,-,-,-,,,避難所
香川県,小豆郡小豆島町,池田中学校修道館,香川県小豆郡小豆島町池田,34.483051926071,134.2345302871,1,0,0,-,-,-,,,避難所
香川県,綾歌郡綾川町,昭和北保育所,香川県綾歌郡綾川町畑田671-3,34.262972528957,133.98048804629,1,0,0,-,-,-,,,避難所
香川県,小豆郡小豆島町,安養寺,香川県小豆郡小豆島町西村,34.476075342318,134.28740056907,1,0,0,-,-,-,,,避難所
香川県,綾歌郡宇多津町,保健センター,香川県綾歌郡宇多津町1881番地,34.310572611505,133.8253817232,1,0,0,-,-,-,,,避難所
香川県,丸亀市,飯山中学校,香川県丸亀市飯山町川原1110,34.264153058799,133.86246142557,1,0,0,-,-,-,,,避難所
香川県,丸亀市,綾歌保健福祉センター,香川県丸亀市綾歌町栗熊西782番地,34.226215708119,133.8822194177,1,0,0,-,-,-,,,避難所
香川県,小豆郡小豆島町,小豆島町役場内海庁舎,香川県小豆郡小豆島町安田,34.478405471021,134.31459044819,1,0,0,-,-,-,,,避難所
香川県,小豆郡小豆島町,小森徹幸宅,香川県小豆郡小豆島町坂手,34.451378106944,134.33540121821,1,0,0,-,-,-,,,避難所
香川県,丸亀市,城南保育所,香川県丸亀市山北町261,34.270321744098,133.7988916635,1,0,0,-,-,-,,,避難所
香川県,三豊市,神田小学校,香川県三豊市山本町神田1259,34.142042485835,133.77015926863,1,0,0,-,-,-,,,避難所
香川県,丸亀市,飯山北幼稚園,香川県丸亀市飯山町東坂元1667,34.267258268554,133.85597847459,1,0,0,-,-,-,,,避難所
香川県,綾歌郡宇多津町,宇多津幼稚園,香川県綾歌郡宇多津町815,34.303155100617,133.83712801933,1,0,0,-,-,-,,,避難所
香川県,東かがわ市,とらまる公園キャンプ場,香川県東かがわ市西村,34.240839264342,134.31507818831,1,0,0,-,-,-,,,避難所
香川県,三豊市,仁尾中学校,香川県三豊市仁尾町仁尾辛38-2,34.195451577744,133.6453115253,1,0,0,-,-,-,,,避難所
香川県,三豊市,荘内自然休養村センター,香川県三豊市詫間町大浜甲1891-1,34.233955668994,133.60905557315,1,0,0,-,-,-,,,避難所
香川県,小豆郡土庄町,鹿島いこいの家,香川県小豆郡土庄町鹿島,34.473999099341,134.17035144099,1,0,0,-,-,-,,,避難所
香川県,丸亀市,川西コミュニティセンター,香川県丸亀市川西町南428番地1,34.252945961704,133.82944496166,1,0,0,-,-,-,,,避難所
香川県,三豊市,粟島開発総合センター,香川県三豊市詫間町粟島861-17,34.269324031399,133.63393265699,1,0,0,-,-,-,,,避難所
香川県,小豆郡小豆島町,西中山ふれあい会館,香川県小豆郡小豆島町中山,34.505329882156,134.23605157569,1,0,0,-,-,-,,,避難所
香川県,三豊市,財田町中央公民館,香川県三豊市財田町財田上2171,34.119328723734,133.77871198991,1,0,0,-,-,-,,,避難所
香川県,綾歌郡綾川町,綾南農村環境改善センター,香川県綾歌郡綾川町滝宮299番地,34.249662843555,133.92305453345,1,0,0,-,-,-,,,避難所
香川県,さぬき市,寒川公民館,香川県さぬき市寒川町石田東甲931番地,34.267090775893,134.20324419534,1,0,0,-,-,-,,,避難所
香川県,香川郡直島町,直島町役場,香川県香川郡直島町本村,34.459781279473,133.99567627056,1,0,0,-,-,-,,,避難所
香川県,小豆郡土庄町,小海集会所,香川県小豆郡土庄町小海甲251番地31,34.532542254669,134.24163055119,1,0,0,-,-,-,,,避難所
香川県,さぬき市,志度中学校,香川県さぬき市志度2214-4,34.316949264334,134.17707100735,1,0,0,-,-,-,,,避難所
香川県,綾歌郡綾川町,綾上小学校,香川県綾歌郡綾川町山田上甲1494-1,34.217466352908,133.96983935084,1,0,0,-,-,-,,,避難所
香川県,仲多度郡多度津町,豊原幼稚園,香川県仲多度郡多度津町大字葛原835-1,34.264352809692,133.76570613193,1,0,0,-,-,-,,,避難所
香川県,丸亀市,城東幼稚園,香川県丸亀市土器町西4-668,34.281820523374,133.81338427773,1,0,0,-,-,-,,,避難所
香川県,丸亀市,土器コミュニティセンター,香川県丸亀市土器町東七丁目160番地,34.29164445283,133.81147846616,1,0,0,-,-,-,,,避難所
香川県,綾歌郡宇多津町,キッズプラザうたづ,香川県綾歌郡宇多津町浜八番丁113-1,34.311555845259,133.82159035684,1,0,0,-,-,-,,,避難所
香川県,東かがわ市,小海保育所,香川県東かがわ市小海1326-2,34.216606251197,134.37892136104,1,0,0,-,-,-,,,避難所
香川県,小豆郡小豆島町,福祉会館,香川県小豆郡小豆島町安田,34.479161043777,134.31706352949,1,0,0,-,-,-,,,避難所
香川県,観音寺市,働く婦人の家,香川県観音寺市坂本町一丁目,34.12787515276,133.66223431081,1,0,0,-,-,-,,,避難所
香川県,三豊市,河内農村婦人の家,香川県三豊市山本町河内1080-1,34.099880266058,133.73468123998,1,0,0,-,-,-,,,避難所
香川県,小豆郡土庄町,土庄町立大部児童館,香川県小豆郡土庄町大部字野間ノ坪甲1918,34.54745138352,134.27928207514,1,0,0,-,-,-,,,避難所
香川県,観音寺市,高室小学校,香川県観音寺市高屋町1877-1,34.146618998019,133.65494225937,1,0,0,-,-,-,,,避難所
香川県,小豆郡土庄町,大聖寺,香川県小豆郡土庄町馬越,34.515899137438,134.21671235865,1,0,0,-,-,-,,,避難所
香川県,善通寺市,東部小学校,香川県善通寺市稲木町450-1,34.235359111186,133.78127734991,1,0,0,-,-,-,,,避難所
香川県,木田郡三木町,平井小学校,香川県木田郡三木町大字平木710-1,34.277451451941,134.13409877467,1,0,0,-,-,-,,,避難所
香川県,丸亀市,広島小学校,香川県丸亀市広島町江の浦439,34.3651648543,133.7145803067,1,0,0,-,-,-,,,避難所
香川県,綾歌郡宇多津町,ホテルサンルート瀬戸大橋,香川県綾歌郡宇多津町浜六番丁81,34.305281756901,133.81429979828,-,-,-,0,0,1,,,津波避難ビル
香川県,仲多度郡琴平町,琴平町立南幼稚園,香川県仲多度郡琴平町,34.187461963587,133.82446326079,1,0,0,-,-,-,,,避難所
香川県,丸亀市,城辰小学校,香川県丸亀市川西町北151,34.256509461079,133.82879770388,1,0,0,-,-,-,,,避難所
香川県,丸亀市,土居保育所,香川県丸亀市土居町2-13-3,34.291686095728,133.80498474999,1,0,0,-,-,-,,,避難所
香川県,東かがわ市,交流プラザ,香川県東かがわ市湊1806番地2,34.243899573611,134.35743119305,1,0,0,-,-,-,,,避難所
香川県,小豆郡土庄町,やすらぎプラザ,香川県小豆郡土庄町渕崎甲1400番地25,34.48649304684,134.18904223395,1,0,0,-,-,-,,,避難所
香川県,三豊市,高瀬町公民館比地二分館,香川県三豊市高瀬町比地186番地1,34.178222166627,133.69282677622,1,0,0,-,-,-,,,避難所
香川県,仲多度郡多度津町,武道館,香川県仲多度郡多度津町西港町41,34.268185902721,133.73785683346,1,0,0,-,-,-,,,避難所
香川県,綾歌郡宇多津町,大橋コミュニティー分館,香川県綾歌郡宇多津町2628番地591,34.317974319075,133.82358155258,1,0,0,-,-,-,,,避難所
香川県,小豆郡土庄町,小部自治会館はまぼう,香川県小豆郡土庄町小部,34.547126258714,134.30422159465,1,0,0,-,-,-,,,避難所
香川県,丸亀市,岡田保育所,香川県丸亀市岡田下87-1,34.227642649259,133.85913244285,1,0,0,-,-,-,,,避難所
香川県,三豊市,桑山小学校,香川県三豊市豊中町岡本188-1,34.153728870387,133.68181453678,1,0,0,-,-,-,,,避難所
香川県,綾歌郡宇多津町,宇多津北小学校,香川県綾歌郡宇多津町浜八番丁115,34.310475515318,133.81962954549,1,0,0,-,-,-,,,避難所
香川県,観音寺市,豊浜保育所,香川県観音寺市豊浜町和田浜1124-1,34.071230697655,133.64021127002,1,0,0,-,-,-,,,避難所
香川県,三豊市,上高瀬小学校,香川県三豊市高瀬町上高瀬783-2,34.192322380832,133.72596485167,1,0,0,-,-,-,,,避難所
香川県,丸亀市,市営富士見団地,香川県丸亀市富士見2丁目4番1、27番1、2,34.299401825138,133.79895453377,-,-,-,0,0,1,,,津波避難ビル
香川県,丸亀市,富熊コミュニティセンター,香川県丸亀市綾歌町富熊1192番地1,34.246757713952,133.88096894355,1,0,0,-,-,-,,,避難所
香川県,小豆郡土庄町,馬越公民館（岡）,香川県小豆郡土庄町馬越,34.51477308749,134.2143530984,1,0,0,-,-,-,,,避難所
香川県,丸亀市,飯山高等学校,香川県丸亀市飯山町下法軍寺664-1,34.257212126083,133.85469832124,1,0,0,-,-,-,,,避難所
香川県,坂出市,旧王越小学校,香川県坂出市王越町木沢211番地,34.36622920629,133.91699044999,1,0,0,-,-,-,,,避難所
香川県,香川郡直島町,直島町総合福祉センター本館,香川県香川郡直島町宮ノ浦3694番地1,34.457205527624,133.97882376632,1,0,0,-,-,-,,,避難所
香川県,丸亀市,飯山総合学習センター,香川県丸亀市飯山町西坂元547番地1,34.26256988819,133.8407241944,1,0,0,-,-,-,,,避難所
香川県,丸亀市,丸亀市猪熊弦一郎現代美術館,香川県丸亀市浜町80番地1,34.291247081985,133.79204445301,-,-,-,0,0,1,,,津波避難ビル
香川県,三豊市,河内小学校,香川県三豊市山本町河内714,34.100860750132,133.73477289734,1,0,0,-,-,-,,,避難所
香川県,木田郡三木町,井戸教育集会所,香川県木田郡三木町大字井戸2631番地1,34.265318413299,134.16303967523,1,0,0,-,-,-,,,避難所
香川県,丸亀市,SKビルディング,香川県丸亀市天満町1丁目12番18号,34.283297815948,133.77722952835,-,-,-,0,0,1,,,津波避難ビル
香川県,綾歌郡宇多津町,宇多津中学校,香川県綾歌郡宇多津町3302,34.307675564508,133.83654197527,1,0,0,-,-,-,,,避難所
香川県,丸亀市,南中学校,香川県丸亀市郡家町3690,34.266224981295,133.81296823499,1,0,0,-,-,-,,,避難所
香川県,綾歌郡綾川町,道の駅「滝宮」,香川県綾歌郡綾川町滝宮,34.250339125885,133.91646916314,1,0,0,-,-,-,,,避難所
香川県,綾歌郡綾川町,昭和南保育所,香川県綾歌郡綾川町大字畑田2583-5,34.246957905825,133.98082748969,1,0,0,-,-,-,,,避難所
香川県,三豊市,八幡神社,香川県三豊市仁尾町仁尾,34.198598000115,133.65192042062,1,0,0,-,-,-,,,避難所
香川県,観音寺市,豊浜小学校,香川県観音寺市豊浜町和田浜1000,34.072069408802,133.64416365382,1,0,0,-,-,-,,,避難所
香川県,小豆郡土庄町,土庄町コミュニティセンター,香川県小豆郡土庄町土庄甲,34.482744328425,134.18765809067,1,0,0,-,-,-,,,避難所
香川県,丸亀市,市営外浜団地（7?11棟）,香川県丸亀市塩屋町5丁目12番,34.289138842374,133.78024296269,-,-,-,0,0,1,,,津波避難ビル
香川県,木田郡三木町,津柳地区コミュニティセンター,香川県木田郡三木町大字奥山1109番地6,34.191305185676,134.14065204415,1,0,0,-,-,-,,,避難所
香川県,小豆郡土庄町,田井いこいの家,香川県小豆郡土庄町田井,34.54739101723,134.26878754197,1,0,0,-,-,-,,,避難所
香川県,小豆郡小豆島町,朝森水産のり加工工場,香川県小豆郡小豆島町坂手,34.451341685529,134.32477419659,1,0,0,-,-,-,,,避難所
香川県,坂出市,府中小学校,香川県坂出市府中町1193-3,34.289417358473,133.91675083272,1,0,0,-,-,-,,,避難所
香川県,丸亀市,丸亀市総合運動公園,香川県丸亀市新田町1番地1,34.266097216752,133.78976768335,1,0,0,-,-,-,,,避難所
香川県,木田郡三木町,田中小学校,香川県木田郡三木町大字田中4620-2,34.241736817264,134.12068138724,1,0,0,-,-,-,,,避難所
香川県,小豆郡小豆島町,池田中学校体育館,香川県小豆郡小豆島町池田,34.482515805668,134.23495244437,1,0,0,-,-,-,,,避難所
香川県,小豆郡土庄町,平木公民館,香川県小豆郡土庄町平木,34.489689878536,134.19283783319,1,0,0,-,-,-,,,避難所
香川県,小豆郡小豆島町,観音寺,香川県小豆郡小豆島町坂手,34.458284363054,134.32343631737,1,0,0,-,-,-,,,避難所
香川県,小豆郡土庄町,笠滝集会所,香川県小豆郡土庄町笠滝,34.504302720428,134.2086532613,1,0,0,-,-,-,,,避難所
香川県,小豆郡小豆島町,保健センター,香川県小豆郡小豆島町草壁本町,34.482921552047,134.30232778252,1,0,0,-,-,-,,,避難所
香川県,さぬき市,長尾公民館,香川県さぬき市長尾東914番地1,34.265838030973,134.17735225529,1,0,0,-,-,-,,,避難所
香川県,綾歌郡綾川町,山田公民館,香川県綾歌郡綾川町山田上甲1313番地1,34.221717580141,133.96428608265,1,0,0,-,-,-,,,避難所
香川県,観音寺市,大野原交流センター,香川県観音寺市大野原町大野原,34.083829744247,133.66487709142,1,0,0,-,-,-,,,避難所
香川県,さぬき市,神前小学校,香川県さぬき市寒川町神前1615,34.283333016258,134.20866264675,1,0,0,-,-,-,,,避難所
香川県,小豆郡土庄町,土庄町立渕崎児童館,香川県小豆郡土庄町渕崎甲2189-1,34.488976927475,134.19469993361,1,0,0,-,-,-,,,避難所
香川県,観音寺市,一般財団法人阪大微生物病研究会観音寺研究所瀬戸センター,香川県観音寺市瀬戸町四丁目1番70号,34.115775703431,133.63859420216,-,-,-,0,0,1,,,津波避難ビル
香川県,小豆郡土庄町,北浦小学校,香川県小豆郡土庄町見目甲1587番地,34.526045568401,134.22826547117,1,0,0,-,-,-,,,避難所
香川県,仲多度郡多度津町,勤労青少年ホーム,香川県仲多度郡多度津町本通2丁目11-14,34.263813804144,133.75151031514,1,0,0,-,-,-,,,避難所
香川県,観音寺市,香川県三豊合同庁舎,香川県観音寺市坂本町七丁目3番18号,34.12737164271,133.65901133545,-,-,-,0,0,1,,,津波避難ビル
香川県,小豆郡小豆島町,福当石材（協）,香川県小豆郡小豆島町福田,34.541954771135,134.34413583856,1,0,0,-,-,-,,,避難所
香川県,坂出市,与島開発総合センター,香川県坂出市与島町514番地22,34.390291751253,133.81937906495,1,0,0,-,-,-,,,避難所
香川県,小豆郡小豆島町,心友会館,香川県小豆郡小豆島町馬木,34.477380102257,134.3186237586,1,0,0,-,-,-,,,避難所
香川県,観音寺市,豊浜総合体育館,香川県観音寺市豊浜町和田浜,34.074816368434,133.64222993022,1,0,0,-,-,-,,,避難所
香川県,三豊市,詫間小学校,香川県三豊市詫間町詫間2158,34.224750803371,133.66714707967,1,0,0,-,-,-,,,避難所
香川県,小豆郡土庄町,長勝寺,香川県小豆郡土庄町長浜,34.513501837263,134.1787328582,1,0,0,-,-,-,,,避難所
香川県,三豊市,辻小学校,香川県三豊市山本町辻1375,34.114978338281,133.71892397883,1,0,0,-,-,-,,,避難所
香川県,綾歌郡宇多津町,JR宇多津駅,香川県綾歌郡宇多津町浜五番丁49,34.307537044028,133.81411921722,-,-,-,0,0,1,,,津波避難ビル
香川県,観音寺市,粟井公民館,香川県観音寺市粟井町1516番地,34.094958524107,133.70098107097,1,0,0,-,-,-,,,避難所
香川県,三豊市,大見公民館,香川県三豊市三野町大見甲3047-3,34.217306587147,133.71544746102,1,0,0,-,-,-,,,避難所
香川県,丸亀市,郡家コミュニティセンター,香川県丸亀市郡家町800番地1,34.250521182843,133.81546569323,1,0,0,-,-,-,,,避難所
香川県,観音寺市,柞田小学校,香川県観音寺市柞田町乙1000-1,34.109868150499,133.66030269184,1,0,0,-,-,-,,,避難所
香川県,小豆郡小豆島町,天理教聖踏分教会,香川県小豆郡小豆島町蒲生,34.483735403573,134.205908168,1,0,0,-,-,-,,,避難所
香川県,仲多度郡琴平町,琴平町五条浄水場,香川県仲多度郡琴平町五条,34.182305508944,133.83108601188,1,0,0,-,-,-,,,避難所
香川県,小豆郡土庄町,金剛寺,香川県小豆郡土庄町屋形崎,34.526255020869,134.22321661123,1,0,0,-,-,-,,,避難所
香川県,小豆郡小豆島町,室生自治会館憩いの家,香川県小豆郡小豆島町室生,34.468485027593,134.23894030231,1,0,0,-,-,-,,,避難所
香川県,坂出市,中央公民館与島分館,香川県坂出市与島町102番地,34.38502863399,133.82264260598,1,0,0,-,-,-,,,避難所
香川県,観音寺市,共同福祉施設,香川県観音寺市坂本町一丁目,34.127928144669,133.66238709668,1,0,0,-,-,-,,,避難所
香川県,小豆郡土庄町,小豆島グランドホテル水明,香川県小豆郡土庄町土庄甲,34.478874465084,134.1834177922,1,0,0,-,-,-,,,避難所
香川県,綾歌郡綾川町,B＆G綾上海洋センター,香川県綾歌郡綾川町山田下,34.217958427633,133.94904233679,1,0,0,-,-,-,,,避難所
香川県,観音寺市,観音寺第一高等学校,香川県観音寺市茂木町四丁目,34.132302089948,133.65859888205,1,0,0,-,-,-,,,避難所
香川県,丸亀市,城北小学校,香川県丸亀市瓦町95,34.294341347268,133.80083510038,1,0,0,-,-,-,,,避難所
香川県,丸亀市,二軒茶屋総合センター,香川県丸亀市土器町東八丁目501番地,34.299360209827,133.80535381876,1,0,0,-,-,-,,,避難所
香川県,観音寺市,常磐小学校,香川県観音寺市植田町365,34.127724254478,133.67520702576,1,0,0,-,-,-,,,避難所
香川県,三豊市,辻公民館,香川県三豊市山本町辻1374-1,34.113906257056,133.71911563292,1,0,0,-,-,-,,,避難所
香川県,小豆郡土庄町,JA香川県北浦支店,香川県小豆郡土庄町見目,34.526991679065,134.2280471738,1,0,0,-,-,-,,,避難所
香川県,さぬき市,小田小学校,香川県さぬき市小田1741,34.335589820533,134.234766935,1,0,0,-,-,-,,,避難所
香川県,木田郡三木町,神山公民館,香川県木田郡三木町大字鹿庭1755番地1,34.228042840082,134.15512214792,1,0,0,-,-,-,,,避難所
香川県,観音寺市,特別養護老人ホーム長寿苑,香川県観音寺市木之郷町,34.106322207574,133.69195335051,1,0,0,-,-,-,,,避難所
香川県,小豆郡小豆島町,石場公営住宅集会所,香川県小豆郡小豆島町二面,34.465450403562,134.26559442056,1,0,0,-,-,-,,,避難所
香川県,小豆郡土庄町,鹿島自治会館,香川県小豆郡土庄町鹿島,34.474718424952,134.17139350237,1,0,0,-,-,-,,,避難所
香川県,仲多度郡まんのう町,琴南小学校,香川県仲多度郡まんのう町造田1984-1,34.164129980186,133.92604449762,1,0,0,-,-,-,,,避難所
香川県,さぬき市,松尾小学校,香川県さぬき市大川町田面125,34.256064830524,134.249209833,1,0,0,-,-,-,,,避難所
香川県,観音寺市,大野原中学校,香川県観音寺市大野原町中姫1189-3,34.087817560626,133.66833611055,1,0,0,-,-,-,,,避難所
香川県,小豆郡土庄町,大木戸自治会館,香川県小豆郡土庄町大木戸,34.485487305306,134.17278837236,1,0,0,-,-,-,,,避難所
香川県,さぬき市,志度東中学校,香川県さぬき市鴨庄2550,34.322570021365,134.20807319374,1,0,0,-,-,-,,,避難所
香川県,小豆郡小豆島町,小豆島高校体育館,香川県小豆郡小豆島町草壁本町,34.485158805785,134.30602189351,1,0,0,-,-,-,,,避難所
香川県,小豆郡小豆島町,南蒲野公民館,香川県小豆郡小豆島町蒲野,34.428634440637,134.24638473234,1,0,0,-,-,-,,,避難所
香川県,さぬき市,造田小学校,香川県さぬき市造田是弘688-1,34.28387126869,134.182820955,1,0,0,-,-,-,,,避難所
香川県,木田郡三木町,氷上小学校,香川県木田郡三木町大字氷上2845,34.254629970309,134.13459041163,1,0,0,-,-,-,,,避難所
香川県,丸亀市,本島中学校,香川県丸亀市本島町泊410,34.385134029152,133.7808028691,1,0,0,-,-,-,,,避難所
香川県,綾歌郡綾川町,羽床保育所,香川県綾歌郡綾川町大字羽床下2257-1,34.234481165889,133.90512305237,1,0,0,-,-,-,,,避難所
香川県,小豆郡小豆島町,橘会館,香川県小豆郡小豆島町橘甲442番地1,34.491418407175,134.34210487041,1,0,0,-,-,-,,,避難所
香川県,観音寺市,豊田幼稚園,香川県観音寺市新田町1387,34.108765213516,133.70198074604,1,0,0,-,-,-,,,避難所
香川県,綾歌郡宇多津町,浜八番丁コミュニティー分館,香川県綾歌郡宇多津町122番地4、5、6,34.297603538753,133.83595007929,1,0,0,-,-,-,,,避難所
香川県,木田郡三木町,三木町保健センター,香川県木田郡三木町池戸1276-5,34.282058826116,134.12842193162,1,0,0,-,-,-,,,避難所
香川県,丸亀市,青ノ山保育所,香川県丸亀市土器町東4-303,34.295285750845,133.81880817945,1,0,0,-,-,-,,,避難所
香川県,丸亀市,金山文化センター,香川県丸亀市川西町南654番地1,34.247665960251,133.82820911627,1,0,0,-,-,-,,,避難所
香川県,東かがわ市,引田幼稚園,香川県東かがわ市引田1003,34.218064602009,134.39428677644,1,0,0,-,-,-,,,避難所
香川県,丸亀市,城西コミュニティセンター,香川県丸亀市山北町722番地1,34.27915965753,133.79852478153,1,0,0,-,-,-,,,避難所
香川県,東かがわ市,多目的研修センター,香川県東かがわ市南野103番地2,34.212629618891,134.41322387495,1,0,0,-,-,-,,,避難所
香川県,小豆郡小豆島町,宝友会館,香川県小豆郡小豆島町苗羽,34.464541822878,134.31815694032,1,0,0,-,-,-,,,避難所
香川県,小豆郡小豆島町,長松写真館,香川県小豆郡小豆島町馬木,34.476410459739,134.31763436741,1,0,0,-,-,-,,,避難所
香川県,小豆郡小豆島町,星城小学校,香川県小豆郡小豆島町草壁本町,34.48107526007,134.30106541409,1,0,0,-,-,-,,,避難所
香川県,さぬき市,津田公民館北山分館,香川県さぬき市津田町津田3645番地5,34.320200401264,134.26329012676,1,0,0,-,-,-,,,避難所
香川県,丸亀市,山根児童館,香川県丸亀市本島町笠島84-3,34.389035995702,133.78623281408,1,0,0,-,-,-,,,避難所
香川県,仲多度郡多度津町,四箇地区公民館,香川県仲多度郡多度津町大字青木129番地の2,34.253006873671,133.75280493916,1,0,0,-,-,-,,,避難所
香川県,小豆郡小豆島町,中東蒲生生活共同会館,香川県小豆郡小豆島町蒲生,34.483191554189,134.21543879642,1,0,0,-,-,-,,,避難所
香川県,三豊市,仁尾体育センター,香川県三豊市仁尾町仁尾,34.197781834863,133.64519176561,1,0,0,-,-,-,,,避難所
香川県,小豆郡土庄町,鹿島明神,香川県小豆郡土庄町鹿島,34.474018189574,134.16986819708,1,0,0,-,-,-,,,避難所
香川県,小豆郡小豆島町,中村厚美宅,香川県小豆郡小豆島町蒲野,34.448768151778,134.25809329614,1,0,0,-,-,-,,,避難所
香川県,小豆郡小豆島町,双葉会館,香川県小豆郡小豆島町苗羽,34.463648287863,134.31847505415,1,0,0,-,-,-,,,避難所
香川県,東かがわ市,五名活性化センター,香川県東かがわ市五名,34.192560073451,134.24905796883,1,0,0,-,-,-,,,避難所
香川県,坂出市,岩黒小・中学校,香川県坂出市岩黒240番地,34.408011434264,133.81239065239,1,0,0,-,-,-,,,避難所
香川県,善通寺市,与北小学校,香川県善通寺市与北町1238,34.233545337319,133.80889718874,1,0,0,-,-,-,,,避難所
香川県,観音寺市,かんぽの宿観音寺,香川県観音寺市池之尻町,34.10879642625,133.69067116942,1,0,0,-,-,-,,,避難所
香川県,丸亀市,市営平山ハイツ,香川県丸亀市北平山町2丁目10番18号,34.297118670542,133.79699932648,-,-,-,0,0,1,,,津波避難ビル
香川県,坂出市,瀬居中学校,香川県坂出市番の州町11,34.35226116713,133.85741450128,1,0,0,-,-,-,,,避難所
香川県,三豊市,高瀬中学校,香川県三豊市高瀬町下勝間2725,34.179630106093,133.7205327784,1,0,0,-,-,-,,,避難所
香川県,小豆郡土庄町,灘山公民館,香川県小豆郡土庄町灘山,34.560879071012,134.32344162101,1,0,0,-,-,-,,,避難所
香川県,小豆郡土庄町,宝生院,香川県小豆郡土庄町北山,34.493282279284,134.19713208002,1,0,0,-,-,-,,,避難所
香川県,観音寺市,百々宮会館,香川県観音寺市木之郷町,34.09873303242,133.67857369301,1,0,0,-,-,-,,,避難所
香川県,綾歌郡綾川町,西分公民館,香川県綾歌郡綾川町西分1377番地,34.205201945904,133.95124520493,1,0,0,-,-,-,,,避難所
香川県,小豆郡土庄町,農業担い手研修センター,香川県小豆郡土庄町渕崎甲1914番地,34.488154729899,134.19002548588,1,0,0,-,-,-,,,避難所
香川県,仲多度郡まんのう町,祓川児童館,香川県仲多度郡まんのう町吉野下173-60,34.198177339144,133.83882625257,1,0,0,-,-,-,,,避難所
香川県,小豆郡土庄町,大谷公民館,香川県小豆郡土庄町大谷,34.494456027952,134.17303252012,1,0,0,-,-,-,,,避難所
香川県,丸亀市,広島コミュニティセンター,香川県丸亀市広島町江の浦2番地15,34.363109505991,133.71860780243,1,0,0,-,-,-,,,避難所
香川県,綾歌郡宇多津町,サポートセンター,香川県綾歌郡宇多津町浜五番丁49-7,34.305703996171,133.81368044676,1,0,0,-,-,-,,,避難所
香川県,綾歌郡綾川町,羽床上公民館,香川県綾歌郡綾川町羽床上797番地,34.224199171456,133.92905490518,1,0,0,-,-,-,,,避難所
香川県,小豆郡小豆島町,坂手公民館,香川県小豆郡小豆島町坂手甲1834番地6,34.457008600261,134.32154925707,1,0,0,-,-,-,,,避難所
香川県,仲多度郡まんのう町,旧仲南北小学校,香川県仲多度郡まんのう町宮田750-4,34.169172267064,133.82758639693,1,0,0,-,-,-,,,避難所
香川県,三豊市,仁尾町老人福祉センター,香川県三豊市大字仁尾辛34-3,34.197295486544,133.64515288441,1,0,0,-,-,-,,,避難所
香川県,木田郡三木町,旧神山小中学校,香川県木田郡三木町奥山987,34.189985847011,134.14108530069,1,0,0,-,-,-,,,避難所
香川県,小豆郡小豆島町,改良住宅E棟集会所,香川県小豆郡小豆島町橘,34.488406525632,134.34248412492,1,0,0,-,-,-,,,避難所
香川県,小豆郡小豆島町,サイクリングターミナル,香川県小豆郡小豆島町坂手,34.455944303422,134.32073153372,1,0,0,-,-,-,,,避難所
香川県,小豆郡土庄町,新町日進集会所,香川県小豆郡土庄町土庄甲,34.48325808558,134.18469642401,1,0,0,-,-,-,,,避難所
香川県,小豆郡小豆島町,荒魂神社,香川県小豆郡小豆島町苗羽,34.468429366413,134.32466086594,1,0,0,-,-,-,,,避難所
香川県,小豆郡小豆島町,尾崎集会所,香川県小豆郡小豆島町福田,34.540749518632,134.34269375817,1,0,0,-,-,-,,,避難所
香川県,小豆郡小豆島町,岡クラブ,香川県小豆郡小豆島町福田,34.544148333119,134.33875829559,1,0,0,-,-,-,,,避難所
香川県,綾歌郡綾川町,昭和公民館,香川県綾歌郡綾川町畑田2390番地8,34.247193966206,133.97821381894,1,0,0,-,-,-,,,避難所
香川県,小豆郡土庄町,小瀬公民館,香川県小豆郡土庄町千軒,34.476051420006,134.14452021151,1,0,0,-,-,-,,,避難所
香川県,仲多度郡まんのう町,四条公民館,香川県仲多度郡まんのう町吉野下281番地1,34.19496100067,133.83839867892,1,0,0,-,-,-,,,避難所
香川県,小豆郡小豆島町,岡田食品工業,香川県小豆郡小豆島町苗羽,34.467826913155,134.32070083899,1,0,0,-,-,-,,,避難所
香川県,木田郡三木町,三木中学校,香川県木田郡三木町大字氷上31,34.267313891163,134.1290327198,1,0,0,-,-,-,,,避難所
香川県,小豆郡土庄町,土庄町立豊島公民館,香川県小豆郡土庄町豊島家浦,34.484470390648,134.06234621304,1,0,0,-,-,-,,,避難所
香川県,小豆郡土庄町,神條自治会集会所,香川県小豆郡土庄町豊島家浦,34.481705341415,134.06459250864,1,0,0,-,-,-,,,避難所
香川県,観音寺市,紀伊小学校,香川県観音寺市大野原町丸井313,34.094728023652,133.69037613498,1,0,0,-,-,-,,,避難所
香川県,小豆郡土庄町,上野公民館,香川県小豆郡土庄町大部,34.547052240256,134.27973765948,1,0,0,-,-,-,,,避難所
香川県,観音寺市,東保育所,香川県観音寺市天神町3-2-8,34.129579671588,133.65567004669,1,0,0,-,-,-,,,避難所
香川県,観音寺市,観音寺幼稚園,香川県観音寺市観音寺町甲2961-2,34.126160719665,133.65253160766,1,0,0,-,-,-,,,避難所
香川県,三豊市,三野町保健センター,香川県三豊市三野町吉津乙2030-1,34.202347028847,133.69488332831,1,0,0,-,-,-,,,避難所
香川県,仲多度郡多度津町,町民体育館,香川県仲多度郡多度津町西港町41,34.267868749336,133.73873205568,1,0,0,-,-,-,,,避難所
香川県,丸亀市,郡家幼稚園,香川県丸亀市郡家町787,34.252137587183,133.81400469702,1,0,0,-,-,-,,,避難所
香川県,丸亀市,金倉保育所,香川県丸亀市金倉町1230-1,34.268874642114,133.78170449574,1,0,0,-,-,-,,,避難所
香川県,丸亀市,平山保育所,香川県丸亀市北平山町2-1-25,34.297318677585,133.79933516185,1,0,0,-,-,-,,,避難所
香川県,小豆郡土庄町,四海幼稚園,香川県小豆郡土庄町長浜甲1912-1,34.515275846668,134.17993438435,1,0,0,-,-,-,,,避難所
香川県,観音寺市,豊浜中学校,香川県観音寺市豊浜町和田浜717,34.077324364336,133.64276935298,1,0,0,-,-,-,,,避難所
香川県,仲多度郡多度津町,多度津幼稚園,香川県仲多度郡多度津町栄町3-1-34-1,34.270632472479,133.75489592823,1,0,0,-,-,-,,,避難所
香川県,丸亀市,西幼稚園,香川県丸亀市南条町34-2,34.28814196136,133.79284166724,1,0,0,-,-,-,,,避難所
香川県,仲多度郡琴平町,琴平町立琴平小学校,香川県仲多度郡琴平町琴平145-1,34.187775501752,133.82335003813,1,0,0,-,-,-,,,避難所
香川県,小豆郡土庄町,渦江集会所,香川県小豆郡土庄町長浜,34.516039088928,134.18786458265,1,0,0,-,-,-,,,避難所
香川県,丸亀市,栗熊小学校,香川県丸亀市綾歌町栗熊東323,34.23857257826,133.88164679553,1,0,0,-,-,-,,,避難所
香川県,小豆郡小豆島町,岡の坊,香川県小豆郡小豆島町安田,34.483952915611,134.32280089894,1,0,0,-,-,-,,,避難所
香川県,東かがわ市,丹生公民館,香川県東かがわ市土居82-1,34.253410588086,134.29997297023,1,0,0,-,-,-,,,避難所
香川県,東かがわ市,町田保育所,香川県東かがわ市町田182-1,34.250347079953,134.30097296864,1,0,0,-,-,-,,,避難所
香川県,仲多度郡多度津町,豊原地区公民館,香川県仲多度郡多度津町大字南鴨667番地1,34.264824951035,133.76571452105,1,0,0,-,-,-,,,避難所
香川県,観音寺市,観音寺南公民館,香川県観音寺市観音寺町甲2942番地1,34.126280112469,133.65076512442,1,0,0,-,-,-,,,避難所
香川県,小豆郡小豆島町,神懸通集会所,香川県小豆郡小豆島町神懸通,34.489646222231,134.30260476325,1,0,0,-,-,-,,,避難所
香川県,小豆郡土庄町,JA香川県四海支店,香川県小豆郡土庄町伊喜末,34.514965598853,134.16734054475,1,0,0,-,-,-,,,避難所
香川県,観音寺市,豊浜西部集会所,香川県観音寺市豊浜町箕浦甲1935番地9,34.055946347103,133.63109576981,1,0,0,-,-,-,,,避難所
香川県,丸亀市,飯野保育所,香川県丸亀市飯野町東分2576,34.278656985284,133.8335047277,1,0,0,-,-,-,,,避難所
香川県,三豊市,豊中町農村環境改善センター,香川県三豊市豊中町本山甲201-1,34.147043797724,133.69479401648,1,0,0,-,-,-,,,避難所
香川県,小豆郡小豆島町,坂手東バス停車庫,香川県小豆郡小豆島町坂手,34.455580943486,134.32301250307,1,0,0,-,-,-,,,避難所
香川県,綾歌郡宇多津町,新町コミュニティー分館,香川県綾歌郡宇多津町3644番地,34.30960207935,133.82833368919,1,0,0,-,-,-,,,避難所
香川県,綾歌郡綾川町,旧枌所小学校,香川県綾歌郡綾川町枌所西甲2060番地,34.197232282454,133.99455286791,1,0,0,-,-,-,,,避難所
香川県,小豆郡小豆島町,常光寺,香川県小豆郡小豆島町苗羽,34.468629861301,134.32381530558,1,0,0,-,-,-,,,避難所
香川県,小豆郡土庄町,JA香川県大部出張所,香川県小豆郡土庄町大部,34.545972479963,134.28307246706,1,0,0,-,-,-,,,避難所
香川県,綾歌郡綾川町,綾上中学校,香川県綾歌郡綾川町山田上甲1180,34.219953478498,133.96777001241,1,0,0,-,-,-,,,避難所
香川県,さぬき市,多和小学校,香川県さぬき市多和助光東30-1,34.186067629783,134.17064558476,1,0,0,-,-,-,,,避難所
香川県,仲多度郡まんのう町,満濃南小学校,香川県仲多度郡まんのう町吉野74,34.184354084954,133.85299793121,1,0,0,-,-,-,,,避難所
香川県,丸亀市,栗熊コミュニティセンター,香川県丸亀市綾歌町栗熊西1638番地1,34.232195625543,133.87764172414,1,0,0,-,-,-,,,避難所
香川県,丸亀市,城坤コミュニティセンター,香川県丸亀市今津町283番地,34.277479226068,133.78378743191,1,0,0,-,-,-,,,避難所
香川県,観音寺市,旧伊吹小学校,香川県観音寺市伊吹町309,34.12694179567,133.53483219858,1,0,0,-,-,-,,,避難所
香川県,さぬき市,津田多目的研修集会施設,香川県さぬき市津田町鶴羽1746番地,34.280581823823,134.27191082318,1,0,0,-,-,-,,,避難所
香川県,三豊市,松崎小学校,香川県三豊市詫間町松崎722,34.220400891497,133.69421884736,1,0,0,-,-,-,,,避難所
香川県,東かがわ市,三本松高等学校体育館,香川県東かがわ市三本松,34.248932993546,134.33547419582,1,0,0,-,-,-,,,避難所
香川県,小豆郡土庄町,国際ホテル,香川県小豆郡土庄町土庄甲,34.47913153528,134.18807703411,1,0,0,-,-,-,,,避難所
香川県,小豆郡土庄町,空地公民館,香川県小豆郡土庄町見目,34.521231283383,134.22465204718,1,0,0,-,-,-,,,避難所
香川県,三豊市,上高野小学校,香川県三豊市豊中町上高野2384,34.14405544098,133.70714024635,1,0,0,-,-,-,,,避難所
香川県,丸亀市,飯山南コミュニティセンター,香川県丸亀市飯山町上法軍寺1167-5,34.247968806077,133.85609294874,1,0,0,-,-,-,,,避難所
香川県,綾歌郡宇多津町,十楽寺コミュニティー分館,香川県綾歌郡宇多津町494番地,34.299998974081,133.82959301681,1,0,0,-,-,-,,,避難所
香川県,丸亀市,東中学校,香川県丸亀市大手町1-5-1,34.290255711951,133.8005518771,1,0,0,-,-,-,,,避難所
香川県,綾歌郡綾川町,滝宮公民館,香川県綾歌郡綾川町滝宮297番地6,34.250010099641,133.92163234116,1,0,0,-,-,-,,,避難所
香川県,小豆郡小豆島町,JA草壁支店,香川県小豆郡小豆島町草壁本町,34.483530928277,134.30286502555,1,0,0,-,-,-,,,避難所
香川県,木田郡三木町,ウォーキングセンター,香川県木田郡三木町大字下高岡1459番地2,34.261646394107,134.14872452062,1,0,0,-,-,-,,,避難所
香川県,三豊市,箱浦小学校,香川県三豊市詫間町箱551-1,34.25523907332,133.58682092235,1,0,0,-,-,-,,,避難所
香川県,仲多度郡まんのう町,まんのう町防災センター,香川県仲多度郡まんのう町吉野下430番地,34.192355748034,133.8413762371,1,0,0,-,-,-,,,避難所
香川県,丸亀市,原田保育所,香川県丸亀市原田町2046,34.258378703283,133.79034560981,1,0,0,-,-,-,,,避難所
香川県,観音寺市,大野原いきいきセンター,香川県観音寺市大野原町大野原1260-1,34.084248594091,133.66422544019,1,0,0,-,-,-,,,避難所
香川県,小豆郡土庄町,琴塚いこいの家,香川県小豆郡土庄町琴塚,34.547122936742,134.25728939271,1,0,0,-,-,-,,,避難所
香川県,小豆郡小豆島町,草壁会館,香川県小豆郡小豆島町草壁本町204番地1,34.479564891425,134.30584417737,1,0,0,-,-,-,,,避難所
香川県,善通寺市,与北公民館,香川県善通寺市与北町1245-2,34.23323707574,133.80789447726,1,0,0,-,-,-,,,避難所
香川県,丸亀市,岡田コミュニティセンター,香川県丸亀市綾歌町岡田下516番地1,34.224532723718,133.85943502445,1,0,0,-,-,-,,,避難所
香川県,綾歌郡宇多津町,中央コミュニティー分館,香川県綾歌郡宇多津町2203番地1,34.308836727718,133.82703166319,1,0,0,-,-,-,,,避難所
香川県,仲多度郡多度津町,町民健康センター,香川県仲多度郡多度津町西港町127-1,34.265563431544,133.73798378681,1,0,0,-,-,-,,,避難所
香川県,坂出市,西庄小学校,香川県坂出市西庄町524,34.31436695683,133.89159665146,1,0,0,-,-,-,,,避難所
香川県,小豆郡小豆島町,島の香,香川県小豆郡小豆島町馬木,34.476906255533,134.32001636469,1,0,0,-,-,-,,,避難所
香川県,小豆郡土庄町,唐櫃岡青年クラブ,香川県小豆郡土庄町豊島唐櫃,34.485083713068,134.08746087516,1,0,0,-,-,-,,,避難所
香川県,綾歌郡綾川町,陶小学校,香川県綾歌郡綾川町陶5878,34.253146000434,133.9511908527,1,0,0,-,-,-,,,避難所
香川県,観音寺市,観音寺競輪場,香川県観音寺市琴浪町二丁目1-3,34.123244270261,133.6407689651,1,0,0,-,-,-,,,避難所
香川県,綾歌郡綾川町,羽床小学校,香川県綾歌郡綾川町羽床下2256,34.235050494852,133.90557859997,1,0,0,-,-,-,,,避難所
香川県,東かがわ市,引田小中学校体育館,香川県東かがわ市引田545番地1,34.222194892741,134.40364137292,1,0,0,-,-,-,,,避難所
香川県,仲多度郡まんのう町,琴南総合センター,香川県仲多度郡まんのう町川東1494番地1,34.111213819393,133.97765477816,1,0,0,-,-,-,,,避難所
香川県,小豆郡土庄町,大鐸幼児園,香川県小豆郡土庄町肥土山,34.504980538577,134.22403186334,1,0,0,-,-,-,,,避難所
香川県,仲多度郡琴平町,香川県立琴平高等学校,香川県仲多度郡琴平町142-2,34.187711628963,133.82428606716,1,0,0,-,-,-,,,避難所
香川県,仲多度郡まんのう町,吉野公民館,香川県仲多度郡まんのう町吉野1780番地1,34.182121009813,133.86251119056,1,0,0,-,-,-,,,避難所
香川県,綾歌郡宇多津町,中央保育所,香川県綾歌郡宇多津町1941,34.308520184652,133.82294038335,1,0,0,-,-,-,,,避難所
香川県,小豆郡小豆島町,旧福田小学校,香川県小豆郡小豆島町福田甲718-1,34.545216123308,134.34117953127,1,0,0,-,-,-,,,避難所
香川県,小豆郡土庄町,中の口集会所,香川県小豆郡土庄町大部,34.547398190007,134.27679895569,1,0,0,-,-,-,,,避難所
香川県,さぬき市,津田幼稚園,香川県さぬき市津田町津田1467-3,34.294691276298,134.24739048889,1,0,0,-,-,-,,,避難所
香川県,さぬき市,ゆーとぴあみろく,香川県さぬき市大川町冨田中3424,34.255615900394,134.24292005044,1,0,0,-,-,-,,,避難所
香川県,三豊市,和光中学校,香川県三豊市財田町財田上2790,34.124036522917,133.77749807476,1,0,0,-,-,-,,,避難所
香川県,丸亀市,郡家小学校,香川県丸亀市郡家町790-1,34.251493265892,133.81468804573,1,0,0,-,-,-,,,避難所
香川県,綾歌郡綾川町,枌所幼稚園,香川県綾歌郡綾川町枌所西甲2063-4,34.197551815731,133.99604445216,1,0,0,-,-,-,,,避難所
香川県,丸亀市,城南コミュニティセンター,香川県丸亀市山北町200番地1,34.272335421921,133.80038874229,1,0,0,-,-,-,,,避難所
香川県,丸亀市,垂水保育所,香川県丸亀市垂水町1709,34.231203942576,133.82450143847,1,0,0,-,-,-,,,避難所
香川県,木田郡三木町,白山文化センター,香川県木田郡三木町大字下高岡2150番地1,34.26275418582,134.14183928971,1,0,0,-,-,-,,,避難所
香川県,丸亀市,手島自然教育センター,香川県丸亀市手島町1273番地,34.397644825204,133.66783543474,1,0,0,-,-,-,,,避難所
香川県,小豆郡土庄町,硯集落多目的共同利用施設,香川県小豆郡土庄町豊島家浦,34.495038837458,134.07044276603,1,0,0,-,-,-,,,避難所
香川県,小豆郡小豆島町,植松集会所,香川県小豆郡小豆島町馬木,34.476403158125,134.31747328021,1,0,0,-,-,-,,,避難所
香川県,小豆郡小豆島町,公営住宅集会所,香川県小豆郡小豆島町岩谷,34.501414890866,134.34662049367,1,0,0,-,-,-,,,避難所
香川県,綾歌郡宇多津町,宇多津小学校,香川県綾歌郡宇多津町815,34.303079246376,133.8351967373,1,0,0,-,-,-,,,避難所
香川県,東かがわ市,引田児童館,香川県東かがわ市引田991-12,34.218092392179,134.39383131054,1,0,0,-,-,-,,,避難所
香川県,丸亀市,飯山総合保健福祉センター,香川県丸亀市飯山町下法軍寺581番地1,34.258856443138,133.85847861177,1,0,0,-,-,-,,,避難所
香川県,綾歌郡綾川町,滝宮小学校,香川県綾歌郡綾川町滝宮1095-1,34.249472658964,133.92217151475,1,0,0,-,-,-,,,避難所
香川県,東かがわ市,引田公民館,香川県東かがわ市引田513番地1,34.22423906218,134.40452171229,1,0,0,-,-,-,,,避難所
香川県,仲多度郡まんのう町,琴南農村環境改善センター,香川県仲多度郡まんのう町造田1974番地1,34.164099331449,133.92408908138,1,0,0,-,-,-,,,避難所
香川県,仲多度郡琴平町,いこいの郷公園,香川県仲多度郡琴平町五条,34.176620436855,133.82181130995,1,0,0,-,-,-,,,避難所
香川県,三豊市,三野津中学校,香川県三豊市三野町下高瀬720,34.206063211247,133.70032989085,1,0,0,-,-,-,,,避難所
香川県,小豆郡土庄町,唐櫃公堂,香川県小豆郡土庄町豊島唐櫃,34.485157312421,134.08767196198,1,0,0,-,-,-,,,避難所
香川県,小豆郡土庄町,大部幼児園,香川県小豆郡土庄町大部,34.544983374908,134.28057298827,1,0,0,-,-,-,,,避難所
香川県,綾歌郡宇多津町,津の郷コミュニティー分館,香川県綾歌郡宇多津町大字東分1612番地1,34.293260451554,133.83783186521,1,0,0,-,-,-,,,避難所
香川県,小豆郡小豆島町,オリーブバス車庫,香川県小豆郡小豆島町坂手,34.455555445978,134.32303440238,1,0,0,-,-,-,,,避難所
香川県,三豊市,二ノ宮小学校,香川県三豊市高瀬町佐股甲1497-1,34.159684232073,133.74084231567,1,0,0,-,-,-,,,避難所
香川県,観音寺市,特別養護老人ホーム豊恩荘,香川県観音寺市茂木町四丁目,34.132705330938,133.65988123076,1,0,0,-,-,-,,,避難所
香川県,東かがわ市,白鳥中学校南体育館,香川県東かがわ市白鳥760番地,34.236728149556,134.35194562494,1,0,0,-,-,-,,,避難所
香川県,仲多度郡多度津町,リサイクルプラザ,香川県仲多度郡多度津町桃山13-1,34.266221715774,133.74519426558,1,0,0,-,-,-,,,避難所
香川県,丸亀市,飯山南保育所,香川県丸亀市上法軍寺1036,34.247892716553,133.85683709381,1,0,0,-,-,-,,,避難所
香川県,小豆郡小豆島町,旧坂手幼稚園,香川県小豆郡小豆島町坂手,34.457611331139,134.32356682524,1,0,0,-,-,-,,,避難所
香川県,観音寺市,一ノ谷幼稚園,香川県観音寺市古川町117-1,34.130087654212,133.69828865083,1,0,0,-,-,-,,,避難所
香川県,小豆郡土庄町,新開集会所,香川県小豆郡土庄町伊喜末,34.508201720932,134.16202991319,1,0,0,-,-,-,,,避難所
香川県,仲多度郡まんのう町,吉野体育館,香川県仲多度郡まんのう町吉野1932番地1,34.182774333001,133.86352489805,1,0,0,-,-,-,,,避難所
香川県,木田郡三木町,鹿庭コミュニティセンター,香川県木田郡三木町大字鹿庭乙255,34.223285108447,134.15544075014,1,0,0,-,-,-,,,避難所
香川県,小豆郡土庄町,JA香川県土庄支店,香川県小豆郡土庄町,34.485379753005,134.1870919884,1,0,0,-,-,-,,,避難所
香川県,木田郡三木町,農業者トレーニングセンター,香川県木田郡三木町朝倉1441,34.231349449364,134.12109009453,1,0,0,-,-,-,,,避難所
香川県,東かがわ市,大内公民館,香川県東かがわ市三本松1296番地36,34.245057109476,134.33636664551,1,0,0,-,-,-,,,避難所
香川県,坂出市,坂出高等学校,香川県坂出市文京町2-1-5,34.310661113027,133.85367709689,1,0,0,-,-,-,,,避難所
香川県,観音寺市,伊吹開発総合センター,香川県観音寺市伊吹町,34.127986611489,133.53307934656,1,0,0,-,-,-,,,避難所
香川県,善通寺市,本郷通分館,香川県善通寺市上吉田町3-6-14,34.228332113404,133.78118291671,1,0,0,-,-,-,,,避難所
香川県,小豆郡土庄町,赤穂屋自治会館,香川県小豆郡土庄町渕崎,34.488397495528,134.190059577,1,0,0,-,-,-,,,避難所
香川県,小豆郡土庄町,渕崎幼稚園,香川県小豆郡土庄町渕崎甲1523,34.489340600542,134.18774792216,1,0,0,-,-,-,,,避難所
香川県,観音寺市,粟井小学校,香川県観音寺市粟井町1452,34.096308366447,133.70087275393,1,0,0,-,-,-,,,避難所
香川県,小豆郡小豆島町,西村公民館,香川県小豆郡小豆島町西村甲1069番地1,34.473147398578,134.28367369287,1,0,0,-,-,-,,,避難所
香川県,善通寺市,東原教育集会所,香川県善通寺市与北町2961番地の1,34.236536740268,133.79857019937,1,0,0,-,-,-,,,避難所
香川県,丸亀市,飯山北第一保育所,香川県丸亀市川原1009,34.268001799303,133.85817638169,1,0,0,-,-,-,,,避難所
香川県,木田郡三木町,井戸公民館,香川県木田郡三木町大字井戸2679番地1,34.265060149431,134.16267581113,1,0,0,-,-,-,,,避難所
香川県,香川郡直島町,直島町西部公民館,香川県香川郡直島町2310番地5,34.459741187422,133.9755128666,1,0,0,-,-,-,,,避難所
香川県,東かがわ市,白鳥コミュニティセンター,香川県東かがわ市白鳥,34.240490336528,134.34743276901,1,0,0,-,-,-,,,避難所
香川県,丸亀市,広島中学校,香川県丸亀市広島町江の浦439,34.365134255447,133.71561523669,1,0,0,-,-,-,,,避難所
香川県,丸亀市,本島コミュニティセンター,香川県丸亀市本島町泊506番地1,34.383353856837,133.78004186384,1,0,0,-,-,-,,,避難所
香川県,綾歌郡綾川町,陶公民館,香川県綾歌郡綾川町陶5866番地1,34.252834927803,133.95006045634,1,0,0,-,-,-,,,避難所
香川県,小豆郡小豆島町,立住敏治素麺作業所,香川県小豆郡小豆島町二面,34.452063850512,134.25957792369,1,0,0,-,-,-,,,避難所
香川県,木田郡三木町,三木町文化交流プラザ,香川県木田郡三木町大字鹿伏360,34.272507972056,134.13632336185,1,0,0,-,-,-,,,避難所
香川県,小豆郡小豆島町,三都ふれあいセンター,香川県小豆郡小豆島町蒲野,34.442964576973,134.25071205066,1,0,0,-,-,-,,,避難所
香川県,観音寺市,柞田公民館,香川県観音寺市柞田町丙1537番地,34.109101613564,133.66096098312,1,0,0,-,-,-,,,避難所
香川県,綾歌郡綾川町,国保総合保健施設いきいきセンター,香川県綾歌郡綾川町山田下,34.225268279748,133.94999127825,1,0,0,-,-,-,,,避難所
香川県,さぬき市,香川東部養護学校,香川県さぬき市長尾西475,34.271039805052,134.17084999594,1,0,0,-,-,-,,,避難所
香川県,三豊市,財田町総合運動公園,香川県三豊市財田町財田上2350,34.116283417459,133.77022423464,1,0,0,-,-,-,,,避難所
香川県,綾歌郡宇多津町,平山コミュニティー分館,香川県綾歌郡宇多津町,34.316083854436,133.8292007232,1,0,0,-,-,-,,,避難所
香川県,坂出市,坂出市中央公民館,香川県坂出市寿町1丁目3番5号,34.313963492606,133.84988816825,1,0,0,-,-,-,,,避難所
香川県,三豊市,山本町農村環境改善センター,香川県三豊市山本町財田西375,34.118640461643,133.7253489809,1,0,0,-,-,-,,,避難所
香川県,観音寺市,観音寺市立体育館,香川県観音寺市池之尻町,34.108843021942,133.686210213,1,0,0,-,-,-,,,避難所
香川県,三豊市,比地小学校,香川県三豊市高瀬町比地93-1,34.179088729176,133.69367105699,1,0,0,-,-,-,,,避難所
香川県,丸亀市,塩屋北保育所,香川県丸亀市塩屋町5-6-1,34.290019278626,133.78265938713,1,0,0,-,-,-,,,避難所
香川県,小豆郡小豆島町,B＆G海洋センター,香川県小豆郡小豆島町馬木,34.47163958651,134.31582105184,1,0,0,-,-,-,,,避難所
香川県,仲多度郡まんのう町,仲南支所,香川県仲多度郡まんのう町生間415-1,34.154941066745,133.83752499372,1,0,0,-,-,-,,,避難所
香川県,三豊市,勝間コミュニティセンター,香川県三豊市高瀬町下勝間,34.175000732496,133.72669335525,1,0,0,-,-,-,,,避難所
香川県,善通寺市,南部公民館,香川県善通寺市大麻町1306-1,34.209992293181,133.8032703817,1,0,0,-,-,-,,,避難所
香川県,木田郡三木町,地域交流センター,香川県木田郡三木町氷上2871,34.253557907735,134.13423487582,1,0,0,-,-,-,,,避難所
香川県,観音寺市,観音寺中学校,香川県観音寺市八幡町2-10-7,34.13612328782,133.64646831699,1,0,0,-,-,-,,,避難所
香川県,仲多度郡まんのう町,旧仲南東小学校,香川県仲多度郡まんのう町七箇2529,34.149767240594,133.8542985668,1,0,0,-,-,-,,,避難所
香川県,三豊市,財田上小学校,香川県三豊市財田町財田上726,34.118695877823,133.80069595371,1,0,0,-,-,-,,,避難所
香川県,小豆郡土庄町,家浦浜集会所,香川県小豆郡土庄町豊島家浦,34.487041750716,134.05870916735,1,0,0,-,-,-,,,避難所
香川県,三豊市,麻地区農業構造改善センター,香川県三豊市高瀬町下麻1210-5,34.176557108325,133.76824710713,1,0,0,-,-,-,,,避難所
香川県,仲多度郡多度津町,四箇小学校,香川県仲多度郡多度津町大字三井433-1,34.252718012054,133.75365485705,1,0,0,-,-,-,,,避難所
香川県,三豊市,二ノ宮地区農業構造改善センター,香川県三豊市高瀬町佐股甲3343-4,34.160108647299,133.73828947885,1,0,0,-,-,-,,,避難所
香川県,東かがわ市,社会福祉協議会本所,香川県東かがわ市湊,34.244249034491,134.35765337104,1,0,0,-,-,-,,,避難所
香川県,三豊市,下高瀬小学校,香川県三豊市三野町下高瀬760-1,34.203316035515,133.70329093676,1,0,0,-,-,-,,,避難所
香川県,丸亀市,城乾小学校,香川県丸亀市中府町5-15-1,34.287741995136,133.79186958273,1,0,0,-,-,-,,,避難所
香川県,綾歌郡綾川町,総合運動公園（体育館）,香川県綾歌郡綾川町陶,34.265179973066,133.95025213581,1,0,0,-,-,-,,,避難所
香川県,小豆郡土庄町,土庄中央漁業協同組合甲生支所,香川県小豆郡土庄町豊島甲生,34.468895355189,134.06943117309,1,0,0,-,-,-,,,避難所
香川県,観音寺市,豊浜公会堂,香川県観音寺市豊浜町和田甲493-1,34.077112485131,133.64009403085,1,0,0,-,-,-,,,避難所
香川県,小豆郡小豆島町,壷井工務店,香川県小豆郡小豆島町坂手,34.45786711186,134.3209489734,1,0,0,-,-,-,,,避難所
香川県,小豆郡小豆島町,小豆島産業会館,香川県小豆郡小豆島町苗羽,34.469940369737,134.32076294683,1,0,0,-,-,-,,,避難所
香川県,三豊市,三野町公民館吉津分館,香川県三豊市三野町吉津甲1073番地1,34.198600493733,133.68816725855,1,0,0,-,-,-,,,避難所
香川県,仲多度郡まんのう町,旧琴南東小学校,香川県仲多度郡まんのう町川東919番地,34.121184547899,133.97314684532,1,0,0,-,-,-,,,避難所
香川県,三豊市,三豊市市民交流センター,香川県三豊市豊中町本山甲,34.147584822451,133.69596141126,1,0,0,-,-,-,,,避難所
香川県,小豆郡土庄町,愛の園保育所,香川県小豆郡土庄町渕崎1400-8,34.486935493105,134.18945607653,1,0,0,-,-,-,,,避難所
香川県,小豆郡土庄町,渕崎小学校,香川県小豆郡土庄町渕崎甲1256,34.489120113228,134.18696801618,1,0,0,-,-,-,,,避難所
香川県,小豆郡土庄町,肥土山公民館,香川県小豆郡土庄町肥土山,34.506899245838,134.22620255499,1,0,0,-,-,-,,,避難所
香川県,小豆郡土庄町,土庄町立四海公民館,香川県小豆郡土庄町伊喜末,34.515284755835,134.167311941,1,0,0,-,-,-,,,避難所
香川県,小豆郡土庄町,アクティブ大鐸,香川県小豆郡土庄町肥土山,34.50515192534,134.22446992048,1,0,0,-,-,-,,,避難所
香川県,三豊市,比地大小学校,香川県三豊市豊中町比地大2514-1,34.167348938594,133.68882471325,1,0,0,-,-,-,,,避難所
香川県,綾歌郡綾川町,西分南部公民館,香川県綾歌郡綾川町西分2213番地,34.179514738653,133.95648411166,1,0,0,-,-,-,,,避難所
香川県,綾歌郡綾川町,山田保育所,香川県綾歌郡綾川町山田上甲1490,34.228010358497,133.97377070981,1,0,0,-,-,-,,,避難所
香川県,観音寺市,伊吹公民館,香川県観音寺市伊吹町263番地,34.128294401588,133.53471278856,1,0,0,-,-,-,,,避難所
香川県,小豆郡土庄町,渕崎公民館,香川県小豆郡土庄町淵崎甲1400-10,34.486559955357,134.18978744613,1,0,0,-,-,-,,,避難所
香川県,小豆郡小豆島町,苗羽小学校,香川県小豆郡小豆島町苗羽,34.469825962991,134.31951164143,1,0,0,-,-,-,,,避難所
香川県,観音寺市,県立三豊体育館,香川県観音寺市池之尻町,34.109292471262,133.6860069151,1,0,0,-,-,-,,,避難所
香川県,さぬき市,大川町児童館,香川県さぬき市富田中3003,34.261221738846,134.23470496698,1,0,0,-,-,-,,,避難所
香川県,仲多度郡まんのう町,旧仲南西小学校,香川県仲多度郡まんのう町追上20,34.134921627012,133.817160385,1,0,0,-,-,-,,,避難所
香川県,小豆郡小豆島町,栄光寺,香川県小豆郡小豆島町,34.485599951228,134.32021446902,1,0,0,-,-,-,,,避難所
香川県,小豆郡土庄町,浄宗寺,香川県小豆郡土庄町小部,34.545585072109,134.30623812424,1,0,0,-,-,-,,,避難所
香川県,善通寺市,西部公民館,香川県善通寺市善通寺町1146,34.220996209556,133.77356376003,1,0,0,-,-,-,,,避難所
香川県,小豆郡土庄町,小部公民館,香川県小豆郡土庄町小部,34.547127058493,134.30421659518,1,0,0,-,-,-,,,避難所
香川県,丸亀市,丸亀スターボウル,香川県丸亀市土器町東六丁目457-1,34.297093837738,133.81175041433,-,-,-,0,0,1,,,津波避難ビル
香川県,香川郡直島町,直島中学校,香川県香川郡直島町1580,34.458394558199,133.98810362706,1,0,0,-,-,-,,,避難所
香川県,善通寺市,中央公民館,香川県善通寺市善通寺町6-10-25,34.229323684621,133.7762778859,1,0,0,-,-,-,,,避難所
香川県,丸亀市,城乾コミュニティセンター,香川県丸亀市南条町34番地28,34.287658622251,133.793113954,1,0,0,-,-,-,,,避難所
香川県,善通寺市,西部小学校,香川県善通寺市善通寺町1146,34.220641047046,133.77293972844,1,0,0,-,-,-,,,避難所
香川県,仲多度郡まんのう町,高篠ふれあいセンター,香川県仲多度郡まんのう町東高篠93番地1,34.214034570763,133.83275464009,1,0,0,-,-,-,,,避難所
香川県,小豆郡土庄町,土庄町総合会館,香川県小豆郡土庄町土庄甲267番地78,34.483894206215,134.18910339231,1,0,0,-,-,-,,,避難所
香川県,仲多度郡琴平町,琴平町社会福祉センター,香川県仲多度郡琴平町榎井891番地の1,34.192083243697,133.82215830285,1,0,0,-,-,-,,,避難所
香川県,三豊市,財田中小学校,香川県三豊市財田町財田中570,34.108460219779,133.76110836384,1,0,0,-,-,-,,,避難所
香川県,小豆郡土庄町,大部体育館,香川県小豆郡土庄町大部甲1975番地,34.544942497278,134.2810204581,1,0,0,-,-,-,,,避難所
香川県,小豆郡土庄町,淵崎自治会公民館,香川県小豆郡土庄町渕崎,34.487926542077,134.18508235899,1,0,0,-,-,-,,,避難所
香川県,丸亀市,丸亀駅,香川県丸亀市新町6番地3-50,34.291977605229,133.79266386329,-,-,-,0,0,1,,,津波避難ビル
香川県,丸亀市,城辰保育所,香川県丸亀市川西町南746-1,34.245874472914,133.83028948543,1,0,0,-,-,-,,,避難所
香川県,小豆郡土庄町,豊島小学校,香川県小豆郡土庄町豊島家浦2516番地,34.484273108411,134.06164879977,1,0,0,-,-,-,,,避難所
香川県,仲多度郡まんのう町,仲南小学校,香川県仲多度郡まんのう町帆山743,34.15352742813,133.84074697439,1,0,0,-,-,-,,,避難所
香川県,丸亀市,飯山北コミュニティセンター,香川県丸亀市飯山町川原1112-5,34.264155850018,133.86105323898,1,0,0,-,-,-,,,避難所
香川県,小豆郡小豆島町,板倉文子宅,香川県小豆郡小豆島町神浦,34.429267534224,134.23518447184,1,0,0,-,-,-,,,避難所
香川県,丸亀市,本島小学校,香川県丸亀市本島町泊18,34.387433559531,133.78304710089,1,0,0,-,-,-,,,避難所
香川県,観音寺市,コミュニティ防災センター,香川県観音寺市流岡町475,34.137328510609,133.67285989425,1,0,0,-,-,-,,,避難所
香川県,仲多度郡多度津町,豊原小学校,香川県仲多度郡多度津町南鴨704,34.266063699274,133.76590337644,1,0,0,-,-,-,,,避難所
香川県,善通寺市,東部公民館,香川県善通寺市稲木町380-3,34.235845163302,133.78344653823,1,0,0,-,-,-,,,避難所
香川県,善通寺市,生野分館,香川県善通寺市生野町1282-2,34.22514074913,133.79082659932,1,0,0,-,-,-,,,避難所
香川県,観音寺市,常磐幼稚園,香川県観音寺市植田町363-1,34.1271243197,133.67637364307,1,0,0,-,-,-,,,避難所
香川県,小豆郡土庄町,川西自治会館,香川県小豆郡土庄町渕崎,34.489044324059,134.19095226155,1,0,0,-,-,-,,,避難所
香川県,小豆郡土庄町,四海小学校,香川県小豆郡土庄町伊喜末381番地,34.512148225303,134.17066602929,1,0,0,-,-,-,,,避難所
香川県,小豆郡土庄町,馬越浜公民館,香川県小豆郡土庄町馬越,34.520718363817,134.20770191618,1,0,0,-,-,-,,,避難所
香川県,東かがわ市,三本松小学校体育館,香川県東かがわ市三本松,34.254526811186,134.33620265122,1,0,0,-,-,-,,,避難所
香川県,丸亀市,城北幼稚園,香川県丸亀市土居町3-9-27,34.293408068351,133.80207389968,1,0,0,-,-,-,,,避難所
香川県,三豊市,高瀬町町民体育館,香川県三豊市高瀬町下勝間,34.180282767346,133.720243584,1,0,0,-,-,-,,,避難所
香川県,丸亀市,城東小学校,香川県丸亀市土器町西5-113,34.285172963289,133.81294808405,1,0,0,-,-,-,,,避難所
香川県,小豆郡土庄町,土庄幼稚園,香川県小豆郡土庄町甲965-1,34.482091535075,134.18403743308,1,0,0,-,-,-,,,避難所
香川県,善通寺市,東中学校,香川県善通寺市生野本町2-14-1,34.225404641682,133.78700460569,1,0,0,-,-,-,,,避難所
香川県,香川郡直島町,積浦集会所,香川県香川郡直島町積浦,34.451278995684,134.00099115055,1,0,0,-,-,-,,,避難所
香川県,綾歌郡綾川町,羽床上保育所,香川県綾歌郡綾川町羽床上1023-1,34.225487910119,133.92801044549,1,0,0,-,-,-,,,避難所
香川県,小豆郡小豆島町,中条集会所,香川県小豆郡小豆島町西村,34.469889542586,134.27788746277,1,0,0,-,-,-,,,避難所
香川県,仲多度郡琴平町,象郷農業構造改善センター,香川県仲多度郡琴平町苗田631番地3,34.204970683774,133.81641667941,1,0,0,-,-,-,,,避難所
香川県,綾歌郡綾川町,綾南中学校,香川県綾歌郡綾川町陶5593-1,34.252837923734,133.94913103119,1,0,0,-,-,-,,,避難所
香川県,仲多度郡まんのう町,四条小学校,香川県仲多度郡まんのう町四條732,34.193838933406,133.83815422924,1,0,0,-,-,-,,,避難所
香川県,坂出市,白峰中学校,香川県坂出市林田町181,34.324926962164,133.90033429234,1,0,0,-,-,-,,,避難所
香川県,丸亀市,飯野小学校,香川県丸亀市飯野町西分113,34.280279002748,133.83348526113,1,0,0,-,-,-,,,避難所
香川県,丸亀市,富熊小学校,香川県丸亀市綾歌町富熊1227,34.249415730855,133.8794105876,1,0,0,-,-,-,,,避難所
香川県,三豊市,曽保小学校,香川県三豊市仁尾町仁尾甲1082,34.174090129932,133.65068669853,1,0,0,-,-,-,,,避難所
香川県,さぬき市,志度公民館末分館,香川県さぬき市末1114番地,34.303698879359,134.19332728352,1,0,0,-,-,-,,,避難所
香川県,小豆郡小豆島町,自治会館,香川県小豆郡小豆島町安田,34.481883339884,134.3184880336,1,0,0,-,-,-,,,避難所
香川県,善通寺市,筆岡公民館,香川県善通寺市弘田町288,34.237619800441,133.76278464569,1,0,0,-,-,-,,,避難所
香川県,仲多度郡まんのう町,長炭小学校,香川県仲多度郡まんのう町炭所西1431-2,34.183176517099,133.88159852261,1,0,0,-,-,-,,,避難所
香川県,東かがわ市,湊保育所,香川県東かがわ市湊523,34.247870993744,134.34769323947,1,0,0,-,-,-,,,避難所
香川県,仲多度郡まんのう町,勤労青少年ホーム,香川県仲多度郡まんのう町岸上126,34.182101476391,133.84265425824,1,0,0,-,-,-,,,避難所
香川県,丸亀市,中央保育所,香川県丸亀市大手町2-1-41,34.289205824533,133.79975199943,1,0,0,-,-,-,,,避難所
香川県,小豆郡小豆島町,安田小学校,香川県小豆郡小豆島町安田,34.484575921119,134.31864184039,1,0,0,-,-,-,,,避難所
香川県,丸亀市,富熊保育所,香川県丸亀市富熊1226,34.248594421859,133.8796094938,1,0,0,-,-,-,,,避難所
香川県,小豆郡土庄町,要鉄公民館,香川県小豆郡土庄町渕崎,34.486101065244,134.18755631586,1,0,0,-,-,-,,,避難所
香川県,小豆郡土庄町,千軒公民館,香川県小豆郡土庄町千軒,34.465589760752,134.15055148429,1,0,0,-,-,-,,,避難所
香川県,東かがわ市,水主交流センター,香川県東かがわ市水主1143番地1,34.226619599021,134.30420633013,1,0,0,-,-,-,,,避難所
香川県,仲多度郡まんのう町,高篠公民館,香川県仲多度郡まんのう町東高篠288番地4,34.214728049115,133.82906820902,1,0,0,-,-,-,,,避難所
香川県,三豊市,仁尾町文化会館,香川県三豊市仁尾町仁尾丁,34.200739309819,133.64620797326,1,0,0,-,-,-,,,避難所
香川県,三豊市,高瀬町公民館,香川県三豊市高瀬町下勝間2347番地1,34.182373918361,133.71344454843,1,0,0,-,-,-,,,避難所
香川県,小豆郡土庄町,唐櫃漁業協同組合,香川県小豆郡土庄町豊島唐櫃,34.489099718732,134.0973816868,1,0,0,-,-,-,,,避難所
香川県,綾歌郡宇多津町,坂下東コミュニティー分館,香川県綾歌郡宇多津町2914番地,34.313535803141,133.83550555225,1,0,0,-,-,-,,,避難所
香川県,綾歌郡綾川町,陶保育所,香川県綾歌郡綾川町大字陶2087-1,34.258423140912,133.9488103505,1,0,0,-,-,-,,,避難所
香川県,小豆郡土庄町,土庄町立北浦公民館,香川県小豆郡土庄町見目,34.52584289074,134.22885121278,1,0,0,-,-,-,,,避難所
香川県,観音寺市,豊田公民館,香川県観音寺市原町270番地1,34.110620595581,133.7025473672,1,0,0,-,-,-,,,避難所
香川県,坂出市,坂出中学校,香川県坂出市小山町318,34.298746234009,133.85393682466,1,0,0,-,-,-,,,避難所
香川県,綾歌郡宇多津町,ユープラザうたづ,香川県綾歌郡宇多津町浜六番丁88番地,34.305547329214,133.81673342197,1,0,0,-,-,-,,,避難所
香川県,小豆郡小豆島町,イマージュセンター,香川県小豆郡小豆島町池田,34.483814319994,134.23440139703,1,0,0,-,-,-,,,避難所
香川県,三豊市,財田大野農業構造改善センター,香川県三豊市山本町大野266-1,34.121922117374,133.72805050332,1,0,0,-,-,-,,,避難所
香川県,観音寺市,大野原福祉会館,香川県観音寺市大野原町萩原乙139-1,34.077550542556,133.685260758,1,0,0,-,-,-,,,避難所
香川県,さぬき市,大川公民館,香川県さぬき市大川町富田中2215番地1,34.265227349699,134.2337996776,1,0,0,-,-,-,,,避難所
香川県,東かがわ市,女性センター,香川県東かがわ市湊,34.244466509622,134.35777285918,1,0,0,-,-,-,,,避難所
香川県,仲多度郡琴平町,琴平町立榎井小学校,香川県仲多度郡琴平町榎井58-3,34.190572472301,133.8289745188,1,0,0,-,-,-,,,避難所
香川県,三豊市,三野町体育センター,香川県三豊市三野町下高瀬752-2,34.202718889831,133.7032770838,1,0,0,-,-,-,,,避難所
香川県,小豆郡小豆島町,漁協橘支所,香川県小豆郡小豆島町橘,34.489399205698,134.34299487674,1,0,0,-,-,-,,,避難所
香川県,坂出市,松山小学校,香川県坂出市高屋町1050,34.33829447184,133.90700509799,1,0,0,-,-,-,,,避難所
香川県,木田郡三木町,白山教育集会所,香川県木田郡三木町大字下高岡2123番地1,34.262376414347,134.14135326029,1,0,0,-,-,-,,,避難所
香川県,丸亀市,飯野コミュニティセンター,香川県丸亀市飯野町東分2334番地2,34.281506664109,133.83353240519,1,0,0,-,-,-,,,避難所
香川県,仲多度郡まんのう町,琴南支所,香川県仲多度郡まんのう町造田1974-1,34.16471955362,133.92428376282,1,0,0,-,-,-,,,避難所
香川県,小豆郡土庄町,土庄小学校,香川県小豆郡土庄町土庄甲657番地7,34.486024286095,134.183195727,1,0,0,-,-,-,,,避難所
香川県,坂出市,林田小学校,香川県坂出市林田町2191,34.327998858017,133.89068752915,1,0,0,-,-,-,,,避難所
香川県,三豊市,三野町はつらつセンター,香川県三豊市三野町大見3034-1,34.217231592058,133.71501968722,1,0,0,-,-,-,,,避難所
香川県,小豆郡小豆島町,清見寺,香川県小豆郡小豆島町草壁本町,34.484436993997,134.30362324302,1,0,0,-,-,-,,,避難所
香川県,綾歌郡宇多津町,新開コミュニティー分館,香川県綾歌郡宇多津町2561番地1,34.313457403431,133.82786411367,1,0,0,-,-,-,,,避難所
香川県,小豆郡小豆島町,福田公民館,香川県小豆郡小豆島町福田甲546番地1,34.54371905733,134.34166283908,1,0,0,-,-,-,,,避難所
香川県,観音寺市,柞田幼稚園,香川県観音寺市柞田町丙1528,34.109751553006,133.66089705879,1,0,0,-,-,-,,,避難所
香川県,小豆郡土庄町,瀧湖寺,香川県小豆郡土庄町笠滝,34.504938269898,134.20944897498,1,0,0,-,-,-,,,避難所
香川県,綾歌郡綾川町,国保総合保健施設えがお,香川県綾歌郡綾川町陶,34.259461723838,133.94347875362,1,0,0,-,-,-,,,避難所
香川県,丸亀市,城北コミュニティセンター,香川県丸亀市御供所町一丁目5番20号,34.296191123848,133.80032669113,1,0,0,-,-,-,,,避難所
香川県,三豊市,本山小学校,香川県三豊市豊中町本山甲1893-1,34.140247558224,133.69997982519,1,0,0,-,-,-,,,避難所
香川県,三豊市,豊中中学校,香川県三豊市豊中町本山甲148-1,34.146160529072,133.69614392095,1,0,0,-,-,-,,,避難所
香川県,小豆郡小豆島町,吉ヶ浦集会所,香川県小豆郡小豆島町蒲野,34.431009393528,134.24674331749,1,0,0,-,-,-,,,避難所
香川県,小豆郡土庄町,土庄町立大部公民館,香川県小豆郡土庄町大部,34.54572101846,134.2809498297,1,0,0,-,-,-,,,避難所
香川県,観音寺市,大野原会館,香川県観音寺市大野原町中姫1247番地1,34.088811948221,133.66694730542,1,0,0,-,-,-,,,避難所
香川県,綾歌郡宇多津町,坂出・宇多津広域行政センター,香川県綾歌郡宇多津町,34.312274299384,133.83607671058,1,0,0,-,-,-,,,避難所
香川県,仲多度郡まんのう町,仲南公民館,香川県仲多度郡まんのう町生間415番地5,34.154407870391,133.83909708322,1,0,0,-,-,-,,,避難所
香川県,丸亀市,城坤小学校,香川県丸亀市今津町348,34.279778972959,133.78594824464,1,0,0,-,-,-,,,避難所
香川県,観音寺市,大野原農業者トレーニングセンター,香川県観音寺市大野原町大野原1994番地,34.086249753018,133.66429039679,1,0,0,-,-,-,,,避難所
香川県,坂出市,東部小学校,香川県坂出市室町1-1-21,34.314077416603,133.86077944993,1,0,0,-,-,-,,,避難所
香川県,小豆郡土庄町,目島公会堂,香川県小豆郡土庄町滝宮,34.518942707986,134.19259184057,1,0,0,-,-,-,,,避難所
香川県,丸亀市,飯山南幼稚園,香川県丸亀市飯山町上法軍寺1159,34.247110606114,133.85572079761,1,0,0,-,-,-,,,避難所
香川県,三豊市,常徳寺,香川県三豊市仁尾町仁尾,34.203010969465,133.64639198474,1,0,0,-,-,-,,,避難所
香川県,小豆郡土庄町,本覚寺,香川県小豆郡土庄町渕崎,34.49132715204,134.17867673434,1,0,0,-,-,-,,,避難所
香川県,善通寺市,吉原小学校,香川県善通寺市吉原町2811,34.230137043572,133.75110261981,1,0,0,-,-,-,,,避難所
香川県,小豆郡小豆島町,原公民館,香川県小豆郡小豆島町西村,34.47735461666,134.2819902525,1,0,0,-,-,-,,,避難所
香川県,小豆郡小豆島町,マリアの園,香川県小豆郡小豆島町苗羽乙1212-14,34.468246549556,134.32766510189,1,0,0,-,-,-,,,避難所
香川県,三豊市,大見小学校,香川県三豊市三野町大見甲3034-4,34.216762220979,133.71485582392,1,0,0,-,-,-,,,避難所
香川県,小豆郡小豆島町,徳本巌宅,香川県小豆郡小豆島町坂手,34.459753277746,134.34464529974,1,0,0,-,-,-,,,避難所
香川県,綾歌郡綾川町,羽床公民館,香川県綾歌郡綾川町羽床下2259番地2,34.23450056487,133.90573410657,1,0,0,-,-,-,,,避難所
香川県,小豆郡土庄町,土庄保育園,香川県小豆郡土庄町甲1177,34.486435440932,134.18393172883,1,0,0,-,-,-,,,避難所
香川県,仲多度郡琴平町,琴平町立象郷小学校,香川県仲多度郡琴平町上櫛梨26,34.206241646747,133.81619086048,1,0,0,-,-,-,,,避難所
香川県,三豊市,大野小学校,香川県三豊市山本町大野457-1,34.123913485027,133.72745315796,1,0,0,-,-,-,,,避難所
香川県,小豆郡小豆島町,みつわ会館,香川県小豆郡小豆島町馬木,34.472255818605,134.32209616791,1,0,0,-,-,-,,,避難所
香川県,さぬき市,富田小学校,香川県さぬき市大川町富田西2595-2,34.266291011168,134.22329225021,1,0,0,-,-,-,,,避難所
香川県,小豆郡土庄町,土庄町立中央公民館,香川県小豆郡土庄町土庄甲,34.48615908501,134.18436088545,1,0,0,-,-,-,,,避難所
香川県,小豆郡小豆島町,二生公民館,香川県小豆郡小豆島町二面568番地1,34.461206578374,134.2429282862,1,0,0,-,-,-,,,避難所
香川県,小豆郡土庄町,オリビアン小豆島,香川県小豆郡土庄町屋形崎,34.520107735902,134.22140548437,1,0,0,-,-,-,,,避難所
香川県,仲多度郡まんのう町,琴南中学校,香川県仲多度郡まんのう町中通838,34.143456116711,133.95931764817,1,0,0,-,-,-,,,避難所
香川県,仲多度郡多度津町,高見島研修センター,香川県仲多度郡多度津町高見1723,34.310829872313,133.68145449381,1,0,0,-,-,-,,,避難所
香川県,観音寺市,木之郷公民館,香川県観音寺市木之郷町,34.103155064209,133.68362187748,1,0,0,-,-,-,,,避難所
香川県,仲多度郡琴平町,琴平町立苗田児童館,香川県仲多度郡琴平町苗田995-4,34.196229913304,133.81622536431,1,0,0,-,-,-,,,避難所
香川県,小豆郡小豆島町,商工会館,香川県小豆郡小豆島町馬木,34.47172693311,134.32016322927,1,0,0,-,-,-,,,避難所
香川県,小豆郡土庄町,元唐櫃岡集乳所,香川県小豆郡土庄町豊島唐櫃,34.484779023657,134.08688761122,1,0,0,-,-,-,,,避難所
香川県,小豆郡小豆島町,池田小学校体育館,香川県小豆郡小豆島町池田,34.48002065879,134.23655338298,1,0,0,-,-,-,,,避難所
香川県,坂出市,中央小学校,香川県坂出市寿町3-1-2,34.313902097267,133.84659550092,1,0,0,-,-,-,,,避難所
香川県,さぬき市,鴨部小学校,香川県さぬき市鴨部1137,34.311405097321,134.21688655168,1,0,0,-,-,-,,,避難所
香川県,三豊市,麻小学校,香川県三豊市高瀬町上麻3868,34.17599608613,133.76771388722,1,0,0,-,-,-,,,避難所
香川県,綾歌郡綾川町,陶病院,香川県綾歌郡綾川町陶,34.25914285674,133.94391242966,1,0,0,-,-,-,,,避難所
香川県,東かがわ市,福栄コミュニティセンター,香川県東かがわ市与田山409番地1,34.204451067952,134.32013787253,1,0,0,-,-,-,,,避難所
香川県,小豆郡土庄町,やはた会館,香川県小豆郡土庄町渕崎,34.488396595631,134.19005847714,1,0,0,-,-,-,,,避難所
香川県,香川郡直島町,直島町地域づくり人材育成センター,香川県香川郡直島町積浦4780番地10,34.452535518018,133.99972767,1,0,0,-,-,-,,,避難所
香川県,丸亀市,垂水小学校,香川県丸亀市垂水町1408,34.231884481221,133.82739848138,1,0,0,-,-,-,,,避難所
香川県,仲多度郡多度津町,多度津小学校,香川県仲多度郡多度津町栄町3-1-9,34.271798909424,133.75367661715,1,0,0,-,-,-,,,避難所
香川県,さぬき市,津田小学校,香川県さぬき市津田町津田144,34.287083710293,134.25167893961,1,0,0,-,-,-,,,避難所
香川県,三豊市,高瀬町農村環境改善センター,香川県三豊市高瀬町下勝間字加茂2344-5,34.182008401434,133.71390840658,1,0,0,-,-,-,,,避難所
香川県,仲多度郡多度津町,四箇幼稚園,香川県仲多度郡多度津町大字三井440,34.252251366827,133.75406592232,1,0,0,-,-,-,,,避難所
香川県,仲多度郡琴平町,琴平町ディ・サービスセンター,香川県仲多度郡琴平町苗田1020-1,34.196753256635,133.81608535936,1,0,0,-,-,-,,,避難所
香川県,さぬき市,前山小学校,香川県さぬき市前山957-9,34.222505116469,134.17209263074,1,0,0,-,-,-,,,避難所
香川県,丸亀市,垂水コミュニティセンター,香川県丸亀市垂水町1344番地1,34.23361758644,133.82841775241,1,0,0,-,-,-,,,避難所
香川県,小豆郡土庄町,土庄中学校,香川県小豆郡土庄町渕崎甲1936,34.485946819003,134.19308347957,1,0,0,-,-,-,,,避難所
香川県,東かがわ市,県立大川体育館,香川県東かがわ市西村,34.241053991955,134.31667632041,1,0,0,-,-,-,,,避難所
香川県,観音寺市,観音寺東公民館,香川県観音寺市天神町三丁目6番5号,34.130171284725,133.65697828507,1,0,0,-,-,-,,,避難所
香川県,小豆郡土庄町,元唐櫃保育所,香川県小豆郡土庄町豊島唐櫃,34.485252110262,134.08789474807,1,0,0,-,-,-,,,避難所
香川県,小豆郡土庄町,伊喜末集落多目的共同利用施設,香川県小豆郡土庄町伊喜末,34.512103477134,134.16711953219,1,0,0,-,-,-,,,避難所
香川県,丸亀市,藤井学園ユリーカホール,香川県丸亀市新浜町1-3-1,34.292058010822,133.78734213253,-,-,-,0,0,1,,,津波避難ビル
香川県,小豆郡土庄町,豊島中学校,香川県小豆郡土庄町豊島家浦810番地,34.491072467856,134.06360684577,1,0,0,-,-,-,,,避難所
香川県,綾歌郡宇多津町,大門コミュニティー分館,香川県綾歌郡宇多津町1163番地,34.306409253962,133.82831498327,1,0,0,-,-,-,,,避難所
香川県,小豆郡小豆島町,二十四の瞳館,香川県小豆郡小豆島町田浦甲977番地1,34.451972464035,134.28612132708,1,0,0,-,-,-,,,避難所
香川県,東かがわ市,社会福祉協議会大内支所,香川県東かがわ市三本松,34.244893331936,134.33642024105,1,0,0,-,-,-,,,避難所
香川県,綾歌郡宇多津町,町民体育館,香川県綾歌郡宇多津町815番地1,34.303645067529,133.8351945037,1,0,0,-,-,-,,,避難所
香川県,丸亀市,本島幼稚園,香川県丸亀市本島町泊34,34.389397098313,133.78309426706,1,0,0,-,-,-,,,避難所
香川県,小豆郡小豆島町,安田幼稚園,香川県小豆郡小豆島町安田甲491-2,34.483717593677,134.31886514651,1,0,0,-,-,-,,,避難所
香川県,小豆郡土庄町,土庄町立北浦児童館,香川県小豆郡土庄町小海甲248-55,34.53063135649,134.24042234382,1,0,0,-,-,-,,,避難所
香川県,三豊市,志々島老人いこいの家,香川県三豊市詫間町志々島394-2,34.270101353606,133.68144470101,1,0,0,-,-,-,,,避難所
香川県,綾歌郡綾川町,枌所公民館,香川県綾歌郡綾川町枌所西甲2087番地1,34.198010002442,133.99512512268,1,0,0,-,-,-,,,避難所
香川県,小豆郡土庄町,小豆島老人ホーム,香川県小豆郡土庄町渕崎西岡甲518,34.488660051162,134.17944610703,1,0,0,-,-,-,,,避難所
香川県,木田郡三木町,福祉センター,香川県木田郡三木町氷上310,34.26835291603,134.134362502,1,0,0,-,-,-,,,避難所
香川県,小豆郡小豆島町,改良住宅集会所,香川県小豆郡小豆島町橘,34.49126594907,134.34126181027,1,0,0,-,-,-,,,避難所
香川県,綾歌郡宇多津町,北浦コミュニティー分館,香川県綾歌郡宇多津町2628番地67,34.320198913523,133.82578949803,1,0,0,-,-,-,,,避難所
香川県,仲多度郡琴平町,琴平町立南保育所,香川県仲多度郡琴平町,34.187214987193,133.82412049484,1,0,0,-,-,-,,,避難所
香川県,丸亀市,飯山北小学校,香川県丸亀市飯山町川原1874,34.264619679465,133.85732849237,1,0,0,-,-,-,,,避難所
香川県,仲多度郡多度津町,白方幼稚園,香川県仲多度郡多度津町大字奥白方1387,34.249806895459,133.73366798781,1,0,0,-,-,-,,,避難所
香川県,木田郡三木町,老人福祉会館あけぼの荘,香川県木田郡三木町大字井上1966番地5,34.292371523297,134.13833448824,1,0,0,-,-,-,,,避難所
香川県,仲多度郡琴平町,香川県立農業大学校,香川県仲多度郡琴平町榎井34-3,34.190914178691,133.83128542991,1,0,0,-,-,-,,,避難所
香川県,坂出市,金山小学校,香川県坂出市谷町3-1-23,34.309961197556,133.86700445398,1,0,0,-,-,-,,,避難所
香川県,綾歌郡宇多津町,県営住宅宇多津団地集会室（1）,香川県綾歌郡宇多津町沼ノ池,34.296314067322,133.83233405129,1,0,0,-,-,-,,,避難所
香川県,仲多度郡まんのう町,満濃中学校,香川県仲多度郡まんのう町吉野下957,34.187973025472,133.8478037015,1,0,0,-,-,-,,,避難所
香川県,仲多度郡琴平町,琴平町立教育集会所,香川県仲多度郡琴平町苗田1020-1番地,34.19689654151,133.81610585319,1,0,0,-,-,-,,,避難所
香川県,小豆郡土庄町,北山公民館,香川県小豆郡土庄町北山,34.491493640389,134.19745507506,1,0,0,-,-,-,,,避難所
香川県,三豊市,山本町保健センター,香川県三豊市山本町財田西375,34.118577476104,133.7260625074,1,0,0,-,-,-,,,避難所
香川県,丸亀市,城南小学校,香川県丸亀市田村町973,34.268591436846,133.79848905632,1,0,0,-,-,-,,,避難所
香川県,丸亀市,城辰幼稚園,香川県丸亀市川西町南161,34.256995508446,133.82950872497,1,0,0,-,-,-,,,避難所
香川県,さぬき市,生涯学習館,香川県さぬき市鴨庄,34.328400146044,134.21106335406,1,0,0,-,-,-,,,避難所
香川県,小豆郡小豆島町,真光寺,香川県小豆郡小豆島町馬木,34.474386443963,134.3204526168,1,0,0,-,-,-,,,避難所
香川県,仲多度郡多度津町,佐柳いこいの家,香川県仲多度郡多度津町佐柳2638番地の1,34.351950649011,133.62188237017,1,0,0,-,-,-,,,避難所
香川県,小豆郡土庄町,伊喜末八幡神社,香川県小豆郡土庄町伊喜末,34.508779186574,134.16508264857,1,0,0,-,-,-,,,避難所
香川県,綾歌郡宇多津町,山下・本町コミュニティー分館,香川県綾歌郡宇多津町1402番地18,34.306584270289,133.82679012089,1,0,0,-,-,-,,,避難所
香川県,坂出市,川津小学校,香川県坂出市川津町3093-1,34.293696574702,133.857158234,1,0,0,-,-,-,,,避難所
香川県,綾歌郡綾川町,東分児童館,香川県綾歌郡綾川町東分甲1245-1,34.208901532971,133.95966940366,1,0,0,-,-,-,,,避難所
香川県,丸亀市,丸亀城西高等学校,香川県丸亀市津森町位267,34.27652131646,133.79296843655,1,0,0,-,-,-,,,避難所
香川県,三豊市,勝間小学校,香川県三豊市高瀬町下勝間803-1,34.174153698913,133.72603235848,1,0,0,-,-,-,,,避難所
香川県,綾歌郡宇多津町,津の郷北コミュニティー分館,香川県綾歌郡宇多津町181番地3,34.297607738843,133.83591288145,1,0,0,-,-,-,,,避難所
香川県,小豆郡土庄町,戸形体育館,香川県小豆郡土庄町千軒,34.470472046532,134.1419355326,1,0,0,-,-,-,,,避難所
香川県,小豆郡土庄町,富丘文化センター,香川県小豆郡土庄町渕崎,34.488211566706,134.19592030754,1,0,0,-,-,-,,,避難所
香川県,丸亀市,西中学校,香川県丸亀市中府町3-11-1,34.284003562075,133.79418056248,1,0,0,-,-,-,,,避難所
香川県,小豆郡小豆島町,吉田児童館,香川県小豆郡小豆島町吉田甲182,34.557406784979,134.34154332551,1,0,0,-,-,-,,,避難所
香川県,小豆郡小豆島町,天津神社こもり堂,香川県小豆郡小豆島町神懸通,34.493326507574,134.29886549704,1,0,0,-,-,-,,,避難所
香川県,小豆郡土庄町,土庄町立中央図書館,香川県小豆郡土庄町渕崎甲1400-1,34.486069416158,134.18950079153,1,0,0,-,-,-,,,避難所
香川県,綾歌郡綾川町,旧羽床上小学校,香川県綾歌郡綾川町羽床上788番地1,34.224935180467,133.92937705453,1,0,0,-,-,-,,,避難所
香川県,小豆郡小豆島町,小豆島勤労者青少年ホーム,香川県小豆郡小豆島町西村,34.473029932242,134.284115055,1,0,0,-,-,-,,,避難所
香川県,香川郡直島町,直島小学校,香川県香川郡直島町直島町1600,34.458930537154,133.98597879904,1,0,0,-,-,-,,,避難所
香川県,小豆郡土庄町,光現寺,香川県小豆郡土庄町渕崎,34.489233197835,134.19099535283,1,0,0,-,-,-,,,避難所
香川県,小豆郡土庄町,土庄町総合福祉会館,香川県小豆郡土庄町甲620,34.486157685015,134.18434838697,1,0,0,-,-,-,,,避難所
香川県,丸亀市,創価学会丸亀文化会館,香川県丸亀市塩屋町5丁目1番1号,34.290330463336,133.78387315178,-,-,-,0,0,1,,,津波避難ビル
香川県,高松市,鶴尾コミュニティセンター,高松市田村町303-1,34.31388528,134.0301669,1,0,0,-,-,-,,,指定避難所
香川県,小豆郡小豆島町,浜自治会館,香川県小豆郡小豆島町福田,34.543747082742,134.34254088694,1,0,0,-,-,-,,,避難所
香川県,綾歌郡宇多津町,鍋谷コミュニティー分館,香川県綾歌郡宇多津町大字東分43番地,34.295923643395,133.83069562278,1,0,0,-,-,-,,,避難所
香川県,綾歌郡綾川町,滝宮保育所,香川県綾歌郡綾川町滝宮528,34.249093490954,133.92122130728,1,0,0,-,-,-,,,避難所
香川県,小豆郡土庄町,JA香川県大鐸出張所,香川県小豆郡土庄町肥土山,34.505633264229,134.22419544938,1,0,0,-,-,-,,,避難所
香川県,高松市,ふれあい福祉センター勝賀,高松市香西南町476-1,34.3422092,134.000712,0,1,0,-,-,-,,,津波避難ビル
香川県,三豊市,豊中町福祉会館,香川県三豊市豊中町本山甲,34.147542827639,133.69563843855,1,0,0,-,-,-,,,避難所
香川県,木田郡三木町,池戸商工センター,香川県木田郡三木町池戸2340-1,34.277909967268,134.12168527551,1,0,0,-,-,-,,,避難所
香川県,高松市,玉藻中学校,高松市上福岡町714-1,34.33369694,134.0671267,1,1,0,-,-,-,,,指定避難所，津波避難ビル
香川県,仲多度郡多度津町,高見いこいの家,香川県仲多度郡多度津町高見1775番地の23,34.309968878044,133.68154341571,1,0,0,-,-,-,,,避難所
香川県,観音寺市,高室公民館,香川県観音寺市高屋町884番地,34.145844112076,133.65427843707,1,0,0,-,-,-,,,避難所
香川県,観音寺市,高室幼稚園,香川県観音寺市高屋町1895,34.146857861301,133.65556989109,1,0,0,-,-,-,,,避難所
香川県,三豊市,三野町ふれあいセンター,香川県三豊市三野町下高瀬770番地1,34.202593843679,133.70484088295,1,0,0,-,-,-,,,避難所
香川県,高松市,東植田コミュニティセンター,高松市東植田町1825-1,34.23814528,134.0989797,1,0,0,-,-,-,,,指定避難所
香川県,木田郡三木町,農村環境改善センター,香川県木田郡三木町大字氷上370番地2,34.268377958235,134.13518048708,1,0,0,-,-,-,,,避難所
香川県,丸亀市,香川丸亀養護学校,香川県丸亀市飯野町東分592-1,34.291849994801,133.82502992566,1,0,0,-,-,-,,,避難所
香川県,高松市,男木コミュニティセンター,高松市男木町134,34.42206,134.0547144,1,0,0,-,-,-,,,指定避難所
香川県,三豊市,詫間中学校,香川県三豊市詫間町詫間5796-1,34.233111195136,133.65730637443,1,0,0,-,-,-,,,避難所
香川県,三豊市,デイサービスセンター美崎,香川県三豊市詫間町積,34.249607503924,133.61101917774,1,0,0,-,-,-,,,避難所
香川県,仲多度郡まんのう町,満濃農村環境改善センター,香川県仲多度郡まんのう町四条,34.194275774095,133.83761145638,1,0,0,-,-,-,,,避難所
香川県,綾歌郡宇多津町,田町コミュニティー分館,香川県綾歌郡宇多津町659番地6,34.304259472248,133.83181197686,1,0,0,-,-,-,,,避難所
香川県,高松市,木太北部小学校,高松市木太町2613,34.33578944,134.0805108,1,1,0,-,-,-,,,指定避難所，津波避難ビル
香川県,香川郡直島町,直島町総合福祉センター分館,香川県香川郡直島町横防2123番地,34.452286698595,133.97710457053,1,0,0,-,-,-,,,避難所
香川県,小豆郡土庄町,硯青年クラブ,香川県小豆郡土庄町豊島家浦,34.494796059564,134.0702907846,1,0,0,-,-,-,,,避難所
香川県,高松市,高松南高等学校（体育館）,高松市一宮町531,34.28531611,134.0231603,1,0,0,-,-,-,,,指定避難所
香川県,東かがわ市,人権センター大内交流館,香川県東かがわ市横内732番地,34.252836340044,134.32374016663,1,0,0,-,-,-,,,避難所
香川県,小豆郡小豆島町,サン・オリーブ,香川県小豆郡小豆島町西村,34.473377294314,134.27526331241,1,0,0,-,-,-,,,避難所
香川県,仲多度郡琴平町,琴平町文化会館,香川県仲多度郡琴平町758-1,34.186767265006,133.81976147104,1,0,0,-,-,-,,,避難所
香川県,綾歌郡宇多津町,坂下西コミュニティー分館,香川県綾歌郡宇多津町2805番地3,34.313805210284,133.83308074978,1,0,0,-,-,-,,,避難所
香川県,高松市,川東小学校,高松市香川町川東上1865-8,34.24103861,134.0352092,1,0,0,-,-,-,,,指定避難所
香川県,善通寺市,吉原公民館,香川県善通寺市吉原町1569-1,34.227609537959,133.75250531212,1,0,0,-,-,-,,,避難所
香川県,小豆郡小豆島町,東浦集会所,香川県小豆郡小豆島町二面,34.462322658373,134.26522604119,1,0,0,-,-,-,,,避難所
香川県,高松市,一宮中学校,高松市一宮町1185-1,34.29262222,134.0244306,1,0,0,-,-,-,,,指定避難所
香川県,東かがわ市,誉水小学校体育館,香川県東かがわ市中筋,34.242322036287,134.32269299047,1,0,0,-,-,-,,,避難所
香川県,仲多度郡多度津町,多度津中学校,香川県仲多度郡多度津町本通2-11-5,34.26396097525,133.75071318871,1,0,0,-,-,-,,,避難所
香川県,綾歌郡綾川町,旧西分小学校,香川県綾歌郡綾川町西分1208番地,34.203727148616,133.95048420054,1,0,0,-,-,-,,,避難所
香川県,三豊市,吉津小学校,香川県三豊市三野町吉津乙1485-1,34.201108627924,133.68311490231,1,0,0,-,-,-,,,避難所
香川県,高松市,高松シンボルタワー　共用部,高松市サンポート2-1,34.3526376,134.046852,0,1,0,-,-,-,,,津波避難ビル
香川県,小豆郡小豆島町,阿弥陀寺,香川県小豆郡小豆島町西村,34.472173674502,134.27820475235,1,0,0,-,-,-,,,避難所
香川県,小豆郡土庄町,JA香川渕崎支店,香川県小豆郡土庄町渕崎,34.488485175277,134.1857139739,1,0,0,-,-,-,,,避難所
香川県,高松市,牟礼図書館,高松市牟礼町牟礼130-2,34.34144611,134.1430633,1,0,0,-,-,-,,,指定避難所
香川県,観音寺市,観音寺南小学校,香川県観音寺市観音寺町甲1186-2,34.126210709634,133.65355918346,1,0,0,-,-,-,,,避難所
香川県,小豆郡土庄町,唐櫃浜集会所,香川県小豆郡土庄町豊島唐櫃,34.489123113626,134.09834630579,1,0,0,-,-,-,,,避難所
香川県,丸亀市,丸亀高等学校,香川県丸亀市六番丁1,34.28358415318,133.79816076354,1,0,0,-,-,-,,,避難所
香川県,小豆郡小豆島町,中山ふるさと会館,香川県小豆郡小豆島町中山,34.502646462847,134.24738905624,1,0,0,-,-,-,,,避難所
香川県,高松市,香川町高齢者活動促進センター,高松市香川町東谷159-1,34.21652583,134.0505081,1,0,0,-,-,-,,,指定避難所
香川県,観音寺市,中部中学校,香川県観音寺市柞田町甲1237,34.119133719046,133.66466072633,1,0,0,-,-,-,,,避難所
香川県,高松市,高松第一高等学校,高松市桜町2-5-10,34.32777111,134.0520817,1,0,0,-,-,-,,,指定避難所
香川県,高松市,ＳＴＮｅｔビル,高松市春日町1735-3,34.3358856,134.093791,0,1,0,-,-,-,,,津波避難ビル
香川県,木田郡三木町,田中公民館,香川県木田郡三木町大字田中3841番地1,34.2453696126,134.12182549719,1,0,0,-,-,-,,,避難所
香川県,木田郡三木町,すぱーく三木屋内ゲートボール場,香川県木田郡三木町上高岡,34.23691598465,134.14505725879,1,0,0,-,-,-,,,避難所
香川県,東かがわ市,白鳥小学校体育館,香川県東かがわ市白鳥,34.240433952803,134.3477546375,1,0,0,-,-,-,,,避難所
香川県,観音寺市,豊浜中央公民館,香川県観音寺市豊浜町和田浜1531番地1,34.07404694542,133.6360561749,1,0,0,-,-,-,,,避難所
香川県,高松市,花園コミュニティセンター,高松市観光通2-8-9,34.33607972,134.0568619,1,1,0,-,-,-,,,指定避難所，津波避難ビル
香川県,高松市,牟礼南小学校,高松市牟礼町大町1115-1,34.33383472,134.1521956,1,1,0,-,-,-,,,指定避難所，津波避難ビル
香川県,高松市,香川第一中学校,高松市香川町浅野1188,34.2531016,134.03094,1,0,0,-,-,-,,,指定避難所
香川県,高松市,イオン高松東店,高松市福岡町3-8-5,34.3454072,134.071617,0,1,0,-,-,-,,,津波避難ビル
香川県,仲多度郡多度津町,白方小学校,香川県仲多度郡多度津町大字奥白方1142,34.25035121599,133.73174865443,1,0,0,-,-,-,,,避難所
香川県,坂出市,坂出工業高等学校,香川県坂出市御供所町1-1-2,34.318004520686,133.84115501934,1,0,0,-,-,-,,,避難所
香川県,観音寺市,大野原中央集会場,香川県観音寺市大野原町大野原,34.083351502133,133.66417266172,1,0,0,-,-,-,,,避難所
香川県,小豆郡小豆島町,宮谷巧宅,香川県小豆郡小豆島町馬木,34.477054805523,134.3171082884,1,0,0,-,-,-,,,避難所
香川県,高松市,川添小学校,高松市東山崎町207-1,34.30685167,134.0928175,1,0,0,-,-,-,,,指定避難所
香川県,高松市,庵治やすらぎ会館,高松市庵治町6392-14,34.38301083,134.1270997,1,1,0,-,-,-,,,指定避難所，津波避難ビル
香川県,高松市,香川町多目的研修集会施設,高松市香川町安原下第3号194-1,34.21200972,134.0315264,1,0,0,-,-,-,,,指定避難所
香川県,高松市,上西小学校,高松市塩江町上西乙461,34.15225167,134.0766328,1,0,0,-,-,-,,,指定避難所
香川県,観音寺市,香川県立香川西部養護学校,香川県観音寺市出作町,34.113132889289,133.67691238297,1,0,0,-,-,-,,,避難所
香川県,さぬき市,日盛の里,香川県さぬき市鴨庄,34.334938991105,134.22102875662,1,0,0,-,-,-,,,避難所
香川県,坂出市,東部中学校,香川県坂出市久米町2-7-46,34.320715558169,133.86497322594,1,0,0,-,-,-,,,避難所
香川県,綾歌郡綾川町,梅の里社会福祉センター,香川県綾歌郡綾川町滝宮,34.249900106072,133.92098799895,1,0,0,-,-,-,,,避難所
香川県,高松市,日新小学校跡施設,高松市瀬戸内町18-2,34.34716,134.0297547,1,1,0,-,-,-,,,指定避難所，津波避難ビル
香川県,高松市,池西農村環境改善センター,高松市香南町池内522-1,34.24508944,134.0003558,1,0,0,-,-,-,,,指定避難所
香川県,高松市,檀紙小学校,高松市御厩町816,34.30035111,133.994,1,0,0,-,-,-,,,指定避難所
香川県,高松市,高松丸亀町レッツホール，カルチャールーム,高松市丸亀町1-1,34.3458743,134.050696,0,1,0,-,-,-,,,津波避難ビル
香川県,善通寺市,筆岡小学校,香川県善通寺市中村町1575-2,34.239089072341,133.76575102964,1,0,0,-,-,-,,,避難所
香川県,小豆郡小豆島町,城山会館,香川県小豆郡小豆島町池田1123番地3,34.479637357511,134.23238193379,1,0,0,-,-,-,,,避難所
香川県,香川郡直島町,直島町東部公民館,香川県香川郡直島町本村,34.459611805397,133.99590155333,1,0,0,-,-,-,,,避難所
香川県,木田郡三木町,白山小学校,香川県木田郡三木町大字下高岡352-1,34.259565514681,134.1551052635,1,0,0,-,-,-,,,避難所
香川県,高松市,西植田コミュニティセンター,高松市西植田町2247-1,34.24019694,134.0787806,1,0,0,-,-,-,,,指定避難所
香川県,高松市,古高松中学校,高松市新田町甲190-1,34.33219167,134.1026206,1,1,0,-,-,-,,,指定避難所，津波避難ビル
香川県,高松市,シティホール高松,高松市城東町1-4-17,34.3479621,134.057595,0,1,0,-,-,-,,,津波避難ビル
香川県,高松市,川東コミュニティセンター,高松市香川町川東上1865-13,34.24134,134.0342939,1,0,0,-,-,-,,,指定避難所
香川県,綾歌郡綾川町,綾上農村環境改善センター,香川県綾歌郡綾川町山田下3300番地,34.226154566952,133.9501673433,1,0,0,-,-,-,,,避難所
香川県,観音寺市,伊吹中学校・小学校,香川県観音寺市伊吹町,34.128568398008,133.53953260121,1,0,0,-,-,-,,,避難所
香川県,東かがわ市,五名コミュニティセンター多目的ホール,香川県東かがわ市五名,34.192648655491,134.24816525042,1,0,0,-,-,-,,,避難所
香川県,さぬき市,長尾公民館前山分館,香川県さぬき市前山866番地4,34.221717949605,134.17425157625,1,0,0,-,-,-,,,避難所
香川県,高松市,長池中央公園,高松市林町2581-1,34.30313944,134.0641489,0,1,0,-,-,-,,,一次避難地
香川県,高松市,鶴尾小学校,高松市松並町636-1,34.31549111,134.0281403,1,0,0,-,-,-,,,指定避難所
香川県,高松市,四番丁小学校跡施設,高松市番町1-5-1,34.34338528,134.0470108,1,1,0,-,-,-,,,指定避難所，津波避難ビル
香川県,高松市,社会福祉法人楽生会ケアハウス屋島,高松市屋島西町2277-1,34.3586772,134.08888,0,1,0,-,-,-,,,津波避難ビル
香川県,小豆郡土庄町,民宿岡本屋,香川県小豆郡土庄町2846,34.464003402892,134.15875790025,1,0,0,-,-,-,,,避難所
香川県,綾歌郡宇多津町,香川短期大学,香川県綾歌郡宇多津町浜一番丁10,34.309470073151,133.80808373079,1,0,0,-,-,-,,,避難所
香川県,丸亀市,東小川児童センター,香川県丸亀市飯山町東小川1260番地,34.247818796289,133.84426606952,1,0,0,-,-,-,,,避難所
香川県,小豆郡小豆島町,戸川旅館,香川県小豆郡小豆島町神懸通,34.489018104412,134.30372743935,1,0,0,-,-,-,,,避難所
香川県,高松市,花園小学校,高松市花園町2-7-7,34.33386528,134.0575269,1,1,0,-,-,-,,,指定避難所，津波避難ビル
香川県,高松市,高松北高等(中）学校（体育館）,高松市牟礼町牟礼1583-1,34.34483028,134.1433433,1,0,0,-,-,-,,,指定避難所
香川県,高松市,庵治支所,高松市庵治町6393-5,34.3842681,134.126673,0,1,0,-,-,-,,,津波避難ビル
香川県,高松市,塩江コミュニティセンター,高松市塩江町安原下第2号1645,34.19643528,134.0415497,1,0,0,-,-,-,,,指定避難所
香川県,仲多度郡琴平町,榎井公民館,香川県仲多度郡琴平町榎井85番地3,34.190844638347,133.82895781217,1,0,0,-,-,-,,,避難所
香川県,三豊市,尽誠学園美崎の家,香川県三豊市詫間町積,34.249602804355,133.6110139784,1,0,0,-,-,-,,,避難所
香川県,観音寺市,豊浜文化会館,香川県観音寺市豊浜町和田浜,34.074263622811,133.63734463981,1,0,0,-,-,-,,,避難所
香川県,東かがわ市,引田体育館,香川県東かがわ市引田991番地18,34.21758685255,134.39376182229,1,0,0,-,-,-,,,避難所
香川県,高松市,庵治小学校,高松市庵治町790-1,34.38526917,134.1310675,1,1,0,-,-,-,,,指定避難所，津波避難ビル
香川県,高松市,屋島東コミュニティセンター,高松市屋島東町928,34.35492889,134.1159547,1,1,0,-,-,-,,,指定避難所，津波避難ビル
香川県,高松市,男木小学校,高松市男木町134,34.41966417,134.0564114,1,0,0,-,-,-,,,指定避難所
香川県,高松市,介護老人保健施設サンライズ屋島,高松市新田町甲2723-2,34.3292505,134.099322,0,1,0,-,-,-,,,津波避難ビル
香川県,小豆郡土庄町,甲生集会所,香川県小豆郡土庄町豊島甲生,34.468983159444,134.07203805913,1,0,0,-,-,-,,,避難所
香川県,坂出市,坂出市万葉会館,香川県坂出市沙弥島70番地1,34.347134052658,133.82274484924,1,0,0,-,-,-,,,避難所
香川県,小豆郡小豆島町,JA福田支店,香川県小豆郡小豆島町福田,34.542164419897,134.3430223005,1,0,0,-,-,-,,,避難所
香川県,小豆郡土庄町,長浜公堂,香川県小豆郡土庄町長浜,34.515303336104,134.17967491438,1,0,0,-,-,-,,,避難所
香川県,高松市,高松丸亀町壱番街駐車場,高松市内町2-1,34.3467266,134.05108,0,1,0,-,-,-,,,津波避難ビル
香川県,高松市,いこいの家,高松市牟礼町牟礼1978-1,34.34631528,134.1267319,1,0,0,-,-,-,,,指定避難所
香川県,高松市,新塩屋町コミュニティセンター,高松市城東町1-1-47,34.34737694,134.0559186,1,1,0,-,-,-,,,指定避難所，津波避難ビル
香川県,高松市,今里中央公園,高松市今里町1-20,34.32551444,134.0586886,0,1,0,-,-,-,,,一次避難地
香川県,さぬき市,長尾小学校,香川県さぬき市長尾東901-1,34.264093805026,134.17702730978,1,0,0,-,-,-,,,避難所
香川県,さぬき市,大川コミュニティセンター,香川県さぬき市大川町富田中3306番地1,34.258597763974,134.24376016293,1,0,0,-,-,-,,,避難所
香川県,仲多度郡琴平町,琴平町立琴平中学校,香川県仲多度郡琴平町五條661,34.188924654823,133.82796624513,1,0,0,-,-,-,,,避難所
香川県,小豆郡小豆島町,神浦コミュニティセンター,香川県小豆郡小豆島町神浦,34.430374915335,134.23872560858,1,0,0,-,-,-,,,避難所
香川県,高松市,屋島東小学校,高松市屋島東町942-1,34.35434806,134.1165703,1,1,0,-,-,-,,,指定避難所，津波避難ビル
香川県,高松市,特別養護老人ホーム玉藻荘,高松市北浜町7-10,34.3502374,134.056107,0,1,0,-,-,-,,,津波避難ビル
香川県,高松市,横井集会所,高松市香南町横井388-1,34.24616972,134.0089903,1,0,0,-,-,-,,,指定避難所
香川県,高松市,コトデン瓦町ビル,高松市常磐町1-3-1,34.338987,134.052605,0,1,0,-,-,-,,,津波避難ビル
香川県,丸亀市,飯山南小学校,香川県丸亀市飯山町上法軍寺1206,34.24734387741,133.85509853958,1,0,0,-,-,-,,,避難所
香川県,木田郡三木町,B＆G海洋センター,香川県木田郡三木町上高岡,34.238196126388,134.14527767878,1,0,0,-,-,-,,,避難所
香川県,小豆郡土庄町,向町公民館,香川県小豆郡土庄町大部,34.545493939899,134.28338386556,1,0,0,-,-,-,,,避難所
香川県,さぬき市,志度構造改善センター,香川県さぬき市鴨庄4610番地45,34.325882213029,134.1937688832,1,0,0,-,-,-,,,避難所
香川県,高松市,イオン高松店,高松市香西本町1-1,34.3521029,134.00439,0,1,0,-,-,-,,,津波避難ビル
香川県,高松市,高松桜井高等学校（体育館）,高松市多肥上町1250,34.29628361,134.0570686,1,0,0,-,-,-,,,指定避難所
香川県,高松市,弦打小学校,高松市鶴市町374-1,34.32886889,134.0053039,1,0,0,-,-,-,,,指定避難所
香川県,高松市,木太コミュニティセンター,高松市木太町3480-2,34.32625111,134.0767683,1,0,0,-,-,-,,,指定避難所
香川県,小豆郡土庄町,JA香川県豊島支店,香川県小豆郡土庄町豊島家浦,34.486534604255,134.06190346851,1,0,0,-,-,-,,,避難所
香川県,観音寺市,伊吹保育所,香川県観音寺市伊吹町486-1,34.128241680935,133.53739032336,1,0,0,-,-,-,,,避難所
香川県,観音寺市,常磐公民館,香川県観音寺市植田町458-3,34.12459123461,133.67609589062,1,0,0,-,-,-,,,避難所
香川県,東かがわ市,引田武道館,香川県東かがわ市引田972-1,34.216478703191,134.39483405371,1,0,0,-,-,-,,,避難所
香川県,高松市,林小学校,高松市林町1108-1,34.30164722,134.0698939,1,0,0,-,-,-,,,指定避難所
香川県,高松市,椛川集会所,高松市塩江町安原上東字椛川2173-8,34.16227417,134.0994792,1,0,0,-,-,-,,,指定避難所
香川県,高松市,香西小学校,高松市香西南町703-1,34.345205,133.9983872,1,1,0,-,-,-,,,指定避難所，津波避難ビル
香川県,高松市,庵治こども園,高松市庵治町853-1,34.3857575,134.1313831,1,0,0,-,-,-,,,指定避難所
香川県,高松市,国分寺北部小学校,高松市国分寺町新居1880,34.30626361,133.9638592,1,0,0,-,-,-,,,指定避難所
香川県,仲多度郡まんのう町,高篠小学校,香川県仲多度郡まんのう町東高篠139,34.214092013329,133.82847657344,1,0,0,-,-,-,,,避難所
香川県,観音寺市,一ノ谷小学校,香川県観音寺市古川町102-1,34.129490528173,133.69734424151,1,0,0,-,-,-,,,避難所
香川県,小豆郡土庄町,大鐸体育館,香川県小豆郡土庄町肥土山甲1735,34.505386606161,134.22500766797,1,0,0,-,-,-,,,避難所
香川県,高松市,高松シンボルタワー　かがわプラザ,高松市サンポート2-1（タワー棟3階）,34.3525092,134.046638,0,1,0,-,-,-,,,津波避難ビル
香川県,高松市,高尻地区自治連合会会館,高松市庵治町3015-3,34.36482194,134.1565944,1,0,0,-,-,-,,,指定避難所
香川県,高松市,香川県立保健医療大学（体育館）,高松市牟礼町原281-1,34.32075694,134.1588292,1,0,0,-,-,-,,,指定避難所
香川県,高松市,紫雲中学校,高松市紫雲町8-25,34.34102778,134.0335614,1,1,0,-,-,-,,,指定避難所，津波避難ビル
香川県,高松市,一宮コミュニティセンター,高松市一宮町838-1,34.29063583,134.0288081,1,0,0,-,-,-,,,指定避難所
香川県,善通寺市,竜川公民館,香川県善通寺市原田町1433-1,34.25014074313,133.78477125825,1,0,0,-,-,-,,,避難所
香川県,小豆郡小豆島町,田中電気工事(株),香川県小豆郡小豆島町馬木,34.476547647353,134.31745827684,1,0,0,-,-,-,,,避難所
香川県,坂出市,坂出商業高等学校,香川県坂出市青葉町1-13,34.307425420492,133.85344667027,1,0,0,-,-,-,,,避難所
香川県,高松市,国分児童館,高松市国分寺町国分2150-7,34.3029725,133.9464028,1,0,0,-,-,-,,,指定避難所
香川県,高松市,障害者支援施設サン未来,高松市新田町甲2717-1,34.3287909,134.099242,0,1,0,-,-,-,,,津波避難ビル
香川県,高松市,植田小学校,高松市西植田町2337,34.23938333,134.0788031,1,0,0,-,-,-,,,指定避難所
香川県,高松市,香川総合体育館,高松市香川町川東下1917-1,34.25514444,134.0283814,1,0,0,-,-,-,,,指定避難所
香川県,高松市,香川大学附属中学校（体育館）,高松市鹿角町394,34.29980833,134.0323717,1,0,0,-,-,-,,,指定避難所
香川県,善通寺市,南部小学校,香川県善通寺市生野町2990-1,34.215944512965,133.78984077821,1,0,0,-,-,-,,,避難所
香川県,小豆郡小豆島町,JA坂手支店,香川県小豆郡小豆島町坂手,34.456895311669,134.32155815926,1,0,0,-,-,-,,,避難所
香川県,さぬき市,志度社会福祉センター,香川県さぬき市鴨庄,34.32578118159,134.1945056884,1,0,0,-,-,-,,,避難所
香川県,高松市,古高松南コミュニティセンター,高松市春日町782-2,34.32700139,134.0917308,1,1,0,-,-,-,,,指定避難所，津波避難ビル
香川県,高松市,弦打コミュニティセンター,高松市鶴市町356-3,34.32883611,134.0057544,1,0,0,-,-,-,,,指定避難所
香川県,高松市,彦作池公園,高松市多肥上町2049-1,34.28002556,134.0558433,0,1,0,-,-,-,,,一次避難地
香川県,高松市,大野南部文化センター,高松市香川町大野632-7,34.25811556,134.0273178,1,0,0,-,-,-,,,指定避難所
香川県,高松市,伏石中央公園,高松市伏石町2077,34.31384917,134.0554717,0,1,0,-,-,-,,,一次避難地
香川県,丸亀市,城西小学校,香川県丸亀市六番丁12,34.285808884568,133.79662744595,1,0,0,-,-,-,,,避難所
香川県,善通寺市,竜川小学校,香川県善通寺市原田町306-1,34.248488100879,133.79314831744,1,0,0,-,-,-,,,避難所
香川県,丸亀市,塩屋保育所,香川県丸亀市前塩屋町2-3-7,34.284781100279,133.78140686207,1,0,0,-,-,-,,,避難所
香川県,高松市,仏生山小学校,高松市仏生山町甲2461,34.2743575,134.0471642,1,0,0,-,-,-,,,指定避難所
香川県,高松市,四番丁コミュニティセンター,高松市番町2-3-5,34.34350833,134.0449539,1,1,0,-,-,-,,,指定避難所，津波避難ビル
香川県,高松市,庵治小学校　第二体育館,高松市庵治町866-4,34.38548528,134.1302631,1,0,0,-,-,-,,,指定避難所
香川県,高松市,川島小学校,高松市川島東町864-1,34.27563917,134.0892236,1,0,0,-,-,-,,,指定避難所
香川県,高松市,木太小学校,高松市木太町3480-1,34.32563333,134.0766733,1,1,0,-,-,-,,,指定避難所，津波避難ビル
香川県,高松市,月見ヶ原公園,高松市香南町横井796-1,34.24183417,134.0069322,0,1,0,-,-,-,,,一次避難地
香川県,丸亀市,岡田小学校,香川県丸亀市綾歌町岡田下217,34.227307387128,133.85843220968,1,0,0,-,-,-,,,避難所
香川県,綾歌郡宇多津町,県営住宅宇多津団地集会室（2）,香川県綾歌郡宇多津町沼ノ池,34.295774733376,133.83239627371,1,0,0,-,-,-,,,避難所
香川県,高松市,香川県消防学校,高松市生島町689-11,34.36468139,133.9694175,1,0,0,-,-,-,,,指定避難所
香川県,高松市,一宮小学校,高松市一宮町672-1,34.29094639,134.0240292,1,0,0,-,-,-,,,指定避難所
香川県,高松市,亀阜コミュニティセンター,高松市宮脇町1-6-18,34.33963111,134.0352597,1,1,0,-,-,-,,,指定避難所，津波避難ビル
香川県,高松市,香東中学校,高松市円座町771,34.29504528,134.0098303,1,0,0,-,-,-,,,指定避難所
香川県,高松市,はらこども園,高松市牟礼町原570-1,34.32853361,134.1556308,1,0,0,-,-,-,,,指定避難所
香川県,高松市,高松シンボルタワー　サンポートホール高松,高松市サンポート2-1（ホール棟3階）,34.352682,134.047293,0,1,0,-,-,-,,,津波避難ビル
香川県,小豆郡土庄町,滝宮公民館,香川県小豆郡土庄町滝宮,34.506715696579,134.19802761658,1,0,0,-,-,-,,,避難所
香川県,小豆郡土庄町,灘山山の神,香川県小豆郡土庄町灘山,34.560901536922,134.33049445249,1,0,0,-,-,-,,,避難所
香川県,高松市,仏生山コミュニティセンター,高松市仏生山町乙45-4,34.27856556,134.0479561,1,0,0,-,-,-,,,指定避難所
香川県,高松市,四国旅客鉄道株式会社本社ビル,高松市浜ノ町8-33,34.3500402,134.042624,0,1,0,-,-,-,,,津波避難ビル
香川県,高松市,塩江支所　塩江連絡事務所,高松市塩江町安原上東394-2,34.16967056,134.0827825,1,0,0,-,-,-,,,指定避難所
香川県,高松市,香川県営住宅国分寺団地集会場,高松市国分寺町柏原41,34.2899867,133.954818,1,0,0,-,-,-,,,指定避難所
香川県,高松市,大町コミュニティセンター,高松市牟礼町大町1463-2,34.33609611,134.1426103,1,0,0,-,-,-,,,指定避難所
香川県,高松市,市総合教育センター,高松市末広町5,34.34383889,134.0558125,1,1,0,-,-,-,,,指定避難所，津波避難ビル
香川県,東かがわ市,大川中学校体育館,香川県東かがわ市西村,34.24961809809,134.3221381187,1,0,0,-,-,-,,,避難所
香川県,綾歌郡宇多津町,平山保育所,香川県綾歌郡宇多津町2626-乙,34.315810665711,133.82673680727,1,0,0,-,-,-,,,避難所
香川県,高松市,浅野コミュニティセンター,高松市香川町浅野826-2,34.25657639,134.0356406,1,0,0,-,-,-,,,指定避難所
香川県,高松市,古高松南小学校,高松市新田町甲2605,34.32739,134.0989106,1,1,0,-,-,-,,,指定避難所，津波避難ビル
香川県,高松市,庵治コミュニティセンター・庵治武道館,高松市庵治町888-1,34.38545139,134.1299336,1,1,0,-,-,-,,,指定避難所，津波避難ビル
香川県,高松市,牟礼浄化苑,高松市牟礼町牟礼2633-1,34.35247611,134.1215417,1,0,0,-,-,-,,,指定避難所
香川県,高松市,東谷コミュニティセンター,高松市香川町東谷873-3,34.20460694,134.0617517,1,0,0,-,-,-,,,指定避難所
香川県,高松市,大野小学校,高松市香川町大野1045-1,34.26699806,134.0272656,1,0,0,-,-,-,,,指定避難所
香川県,小豆郡土庄町,双葉保育所,香川県小豆郡土庄町伊喜末81-12,34.513667449903,134.16593323162,1,0,0,-,-,-,,,避難所
香川県,観音寺市,豊浜コミュニティ消防センター,香川県観音寺市豊浜町和田浜,34.074548885331,133.6361114647,1,0,0,-,-,-,,,避難所
香川県,高松市,橘ノ丘公園,高松市国分寺町新名2069-1,34.27284472,133.9503553,0,0,1,-,-,-,,,広域避難地
香川県,高松市,国分寺南部小学校,高松市国分寺町福家甲3005,34.28356528,133.9610942,1,0,0,-,-,-,,,指定避難所
香川県,高松市,たまや１１号線店,高松市松島町2-5-20,34.3393777,134.065157,0,1,0,-,-,-,,,津波避難ビル
香川県,高松市,宮の前公民館,高松市牟礼町原659-7,34.33202139,134.1559756,1,0,0,-,-,-,,,指定避難所
香川県,高松市,大野下文化センター,高松市香川町大野2209-20,34.2762275,134.0202756,1,0,0,-,-,-,,,指定避難所
香川県,高松市,国分寺体育館（国分寺中学校第２体育館）,高松市国分寺町新居1155-7,34.29724111,133.96549,1,0,0,-,-,-,,,指定避難所
香川県,三豊市,神田定住促進センター,香川県三豊市山本町神田1250-3,34.142356349911,133.77095368314,1,0,0,-,-,-,,,避難所
香川県,小豆郡小豆島町,徳田昭光宅,香川県小豆郡小豆島町坂手,34.450737852963,134.32689677801,1,0,0,-,-,-,,,避難所
香川県,高松市,国土交通省四国地方整備局香川河川国道事務所,高松市福岡町4-26-32,34.3409766,134.067592,0,1,0,-,-,-,,,津波避難ビル
香川県,高松市,旧上西保育所,高松市塩江町上西甲77,34.14488556,134.0766783,1,0,0,-,-,-,,,指定避難所
香川県,高松市,社会福祉センター香南支所,高松市香南町横井1028,34.23879306,134.0074856,1,0,0,-,-,-,,,指定避難所
香川県,高松市,川岡小学校,高松市川部町1552,34.26753361,134.0064725,1,0,0,-,-,-,,,指定避難所
香川県,高松市,桜町中学校,高松市桜町2-12-4,34.32674194,134.0521125,1,0,0,-,-,-,,,指定避難所
香川県,高松市,女木コミュニティセンター,高松市女木町203-1,34.39203528,134.0516617,1,0,0,-,-,-,,,指定避難所
香川県,観音寺市,田野々自治会館,香川県観音寺市大野原町田野-,34.040494597831,133.65928347238,1,0,0,-,-,-,,,避難所
香川県,小豆郡小豆島町,小豆島クリーンセンター,香川県小豆郡小豆島町室生,34.477482221725,134.25063465753,1,0,0,-,-,-,,,避難所
香川県,高松市,川東下文化センター,高松市香川町川東下764-4,34.24365417,134.0270033,1,0,0,-,-,-,,,指定避難所
香川県,高松市,木太北部コミュニティセンター,高松市木太町2603,34.33562778,134.0794436,1,1,0,-,-,-,,,指定避難所，津波避難ビル
香川県,高松市,アルファあなぶきホール,高松市玉藻町9-10,34.3504733,134.053003,0,1,0,-,-,-,,,津波避難ビル
香川県,高松市,四国財務局合同宿舎屋島住宅１号棟，２号棟,高松市屋島西町1403,34.3433986,134.093773,0,1,0,-,-,-,,,津波避難ビル
香川県,高松市,菱の池公園,高松市高松町1211-28,34.33121611,134.1150764,0,1,0,-,-,-,,,一次避難地
香川県,高松市,環境プラザ,高松市西宝町1-13-30,34.3445713,134.027543,0,1,0,-,-,-,,,津波避難ビル
香川県,三豊市,豊中町公民館,香川県三豊市豊中町本山甲192番地1,34.147590921566,133.69596061122,1,0,0,-,-,-,,,避難所
香川県,小豆郡土庄町,土庄町立大鐸公民館,香川県小豆郡土庄町肥土山,34.50557406567,134.22384418401,1,0,0,-,-,-,,,避難所
香川県,高松市,川東コミュニティセンター跡施設,高松市香川町川東上1747-6,34.23888722,134.0341728,1,0,0,-,-,-,,,指定避難所
香川県,高松市,川添コミュニティセンター,高松市元山町136-4,34.3070025,134.0894228,1,0,0,-,-,-,,,指定避難所
香川県,高松市,太田中学校,高松市太田下町1800,34.30620139,134.0451683,1,0,0,-,-,-,,,指定避難所
香川県,高松市,浅野１号文化センター,高松市香川町浅野234-1,34.26773083,134.0372742,1,0,0,-,-,-,,,指定避難所
香川県,高松市,高松大学・高松短期大学,高松市春日町960,34.3290879,134.087315,0,1,0,-,-,-,,,津波避難ビル
香川県,高松市,浅野小学校,高松市香川町浅野3088,34.25926333,134.0409336,1,0,0,-,-,-,,,指定避難所
香川県,三豊市,仁尾小学校,香川県三豊市仁尾町仁尾丙1736,34.202742259989,133.65255500708,1,0,0,-,-,-,,,避難所
香川県,高松市,庵治第二小学校,高松市庵治町6034-1,34.40459361,134.1058458,1,0,0,-,-,-,,,指定避難所
香川県,高松市,三渓小学校,高松市三谷町2173-1,34.27390611,134.0689164,1,0,0,-,-,-,,,指定避難所
香川県,高松市,庵治中学校,高松市庵治町691-1,34.38371944,134.1312794,1,1,0,-,-,-,,,指定避難所，津波避難ビル
香川県,高松市,三谷コミュニティセンター,高松市三谷町1201-1,34.27778,134.069536,1,0,0,-,-,-,,,指定避難所
香川県,高松市,屋島西小学校,高松市屋島西町2469,34.35104083,134.0900386,1,1,0,-,-,-,,,指定避難所，津波避難ビル
香川県,高松市,パーラーグランド香西,高松市香西南町378-1,34.3425497,134.003572,0,1,0,-,-,-,,,津波避難ビル
香川県,高松市,川島コミュニティセンター,高松市川島本町191-2,34.27640806,134.0854422,1,0,0,-,-,-,,,指定避難所
香川県,小豆郡土庄町,北浦幼児園,香川県小豆郡土庄町見目乙423番地6,34.527228870922,134.23095685131,1,0,0,-,-,-,,,避難所
香川県,高松市,庵治斎場,高松市庵治町1391,34.39066306,134.1361889,1,0,0,-,-,-,,,指定避難所
香川県,高松市,特別養護老人ホームシオンの丘ホーム,高松市香西北町260,34.3543471,133.995094,0,1,0,-,-,-,,,津波避難ビル
香川県,高松市,御山公園,高松市牟礼町牟礼1355-1,34.34699944,134.1336511,0,1,0,-,-,-,,,一次避難地
香川県,高松市,特別養護老人ホーム法寿苑,高松市木太町3308,34.3278071,134.075272,0,1,0,-,-,-,,,津波避難ビル
香川県,高松市,岡集会所,高松市香南町岡605-3,34.23190861,134.0214728,1,0,0,-,-,-,,,指定避難所
香川県,高松市,高松第一学園（高松第一小・中学校）,高松市松島町2-14-5,34.33929722,134.0622014,1,1,0,-,-,-,,,指定避難所，津波避難ビル
香川県,高松市,古高松コミュニティセンター,高松市高松町10-20,34.33567444,134.1073842,1,0,0,-,-,-,,,指定避難所
香川県,木田郡三木町,平井幼稚園池戸分園,香川県木田郡三木町大字池戸2340-1,34.277865789082,134.12229300051,1,0,0,-,-,-,,,避難所
香川県,高松市,株式会社マルナカ　パワーシティ屋島,高松市屋島西町1907-1,34.3382112,134.100858,0,1,0,-,-,-,,,津波避難ビル
香川県,高松市,西山ふれあいセンター,高松市塩江町上西甲947-3,34.12606472,134.0737667,1,0,0,-,-,-,,,指定避難所
香川県,高松市,屋島コミュニティセンター,高松市屋島中町449-1,34.34373056,134.1013067,1,0,0,-,-,-,,,指定避難所
香川県,高松市,牟礼小学校,高松市牟礼町大町1560,34.33621278,134.1417881,1,0,0,-,-,-,,,指定避難所
香川県,高松市,栗林コミュニティセンター,高松市栗林町3-2-12,34.32890944,134.0479875,1,0,0,-,-,-,,,指定避難所
香川県,高松市,太田小学校,高松市伏石町845-1,34.31230944,134.0522983,1,0,0,-,-,-,,,指定避難所
香川県,高松市,東植田小学校　菅沢分校,高松市菅沢町339,34.19361583,134.0981353,1,0,0,-,-,-,,,指定避難所
香川県,小豆郡小豆島町,漁協坂手支所,香川県小豆郡小豆島町坂手,34.456459258095,134.32217923122,1,0,0,-,-,-,,,避難所
香川県,高松市,Ｇ?ＯＮＥ,高松市丸の内12-3,34.3467997,134.053955,0,1,0,-,-,-,,,津波避難ビル
香川県,高松市,林コミュニティセンター,高松市林町1405-6,34.30151083,134.0748069,1,0,0,-,-,-,,,指定避難所
香川県,高松市,(社）香川県看護協会　看護研修センター,高松市国分寺町国分152-4,34.29966556,133.9561344,1,0,0,-,-,-,,,指定避難所
香川県,高松市,一宮新池農村公園,高松市一宮町,34.2950875,134.0248089,0,1,0,-,-,-,,,一次避難地
香川県,高松市,安原小学校　戸石分校,高松市塩江町安原下第2号857,34.15601694,134.0244792,1,0,0,-,-,-,,,指定避難所
香川県,高松市,浅野４号文化センター,高松市香川町浅野2972-3,34.2586225,134.0462975,1,0,0,-,-,-,,,指定避難所
香川県,高松市,木太南コミュニティセンター,高松市木太町1486,34.31919278,134.0761342,1,1,0,-,-,-,,,指定避難所，津波避難ビル
香川県,東かがわ市,引田飛翔体育館,香川県東かがわ市引田1030,34.216836938445,134.39341745838,1,0,0,-,-,-,,,避難所
香川県,高松市,高松東高等学校（体育館）,高松市前田東町690-1,34.2916605,134.111677,1,0,0,-,-,-,,,指定避難所
香川県,高松市,中央小学校,高松市松縄町807-1,34.31144389,134.0628831,1,0,0,-,-,-,,,指定避難所
香川県,高松市,御山公園プレイセンター,高松市牟礼町牟礼1355-1,34.34742111,134.1341442,1,0,0,-,-,-,,,指定避難所
香川県,高松市,マルハン高松店,高松市木太町2425,34.3393643,134.076482,0,1,0,-,-,-,,,津波避難ビル
香川県,高松市,香川県立聾学校（体育館）※地震時のみ使用,高松市太田上町513-1,34.3446215,134.035007,1,0,0,-,-,-,,,指定避難所（地震時のみ）
香川県,高松市,太田南小学校,高松市太田下町1823-1,34.30591833,134.0435367,1,0,0,-,-,-,,,指定避難所
香川県,高松市,深間ふれあいセンター,高松市庵治町6391-17,34.368315,134.1213114,1,0,0,-,-,-,,,指定避難所
香川県,観音寺市,萩原小学校,香川県観音寺市大野原町萩原2354,34.076605149759,133.67949371776,1,0,0,-,-,-,,,避難所
香川県,高松市,高松商業高等学校（体育館）,高松市松島町1-18-54,34.33821472,134.05967,1,1,0,-,-,-,,,指定避難所，津波避難ビル
香川県,高松市,あなぶきＰＭアカデミー,高松市多賀町2-8-2,34.3373158,134.059043,0,1,0,-,-,-,,,津波避難ビル
香川県,高松市,香川県農業協同組合木太支店,高松市木太町1669,34.3238964,134.073346,0,1,0,-,-,-,,,津波避難ビル
香川県,高松市,鶴尾中学校,高松市松並町639-1,34.31555194,134.0261639,1,0,0,-,-,-,,,指定避難所
香川県,高松市,高松丸亀町商店街北駐車場,高松市磨屋町10-2,34.3448346,134.049439,0,1,0,-,-,-,,,津波避難ビル
香川県,高松市,山田中学校,高松市川島東町1257-1,34.26747139,134.0924239,1,0,0,-,-,-,,,指定避難所
香川県,高松市,香川県青年センター,高松市国分寺町国分1009,34.30002389,133.9418575,1,0,0,-,-,-,,,指定避難所
香川県,小豆郡土庄町,小豊島公民館,香川県小豆郡土庄町伊喜末,34.478123655874,134.11562089135,1,0,0,-,-,-,,,避難所
香川県,高松市,香南コミュニティセンター,高松市香南町由佐1167,34.23983056,134.0128039,1,0,0,-,-,-,,,指定避難所
香川県,高松市,大野コミュニティセンター,高松市香川町大野1329-1,34.26710556,134.0246419,1,0,0,-,-,-,,,指定避難所
香川県,高松市,西庄集会所,高松市香南町西庄1203-1,34.24150806,133.9992444,1,0,0,-,-,-,,,指定避難所
香川県,高松市,庵治保健センター・ほっとぴあん,高松市庵治町978,34.38830556,134.1294342,1,0,0,-,-,-,,,指定避難所
香川県,高松市,二番丁コミュニティセンター,高松市扇町2-8-7,34.34451806,134.03656,1,1,0,-,-,-,,,指定避難所，津波避難ビル
香川県,高松市,新居東児童館,高松市国分寺町新居3371-1,34.30791778,133.9719036,1,0,0,-,-,-,,,指定避難所
香川県,高松市,旧安原保育所,高松市塩江町安原下第1号417,34.19657444,134.0433372,1,0,0,-,-,-,,,指定避難所
香川県,高松市,鬼無コミュニティセンター,高松市鬼無町佐藤31-3,34.32698833,133.9932975,1,0,0,-,-,-,,,指定避難所
香川県,高松市,木太中学校,高松市木太町251,34.3143475,134.0675583,1,0,0,-,-,-,,,指定避難所
香川県,高松市,多肥コミュニティセンター,高松市多肥上町433-5,34.29046333,134.051505,1,0,0,-,-,-,,,指定避難所
香川県,高松市,高松高等学校（体育館）,高松市番町3-1-1,34.34177917,134.0437275,1,1,0,-,-,-,,,指定避難所，津波避難ビル
香川県,高松市,香西コミュニティセンター,高松市香西本町476-1,34.34692389,133.9961756,1,1,0,-,-,-,,,指定避難所，津波避難ビル
香川県,高松市,香南中学校,高松市香南町横井801,34.242365,134.0085403,1,0,0,-,-,-,,,指定避難所
香川県,高松市,香川大学（経済学部第２体育館）,高松市幸町1-1,34.33975611,134.0365875,1,0,0,-,-,-,,,指定避難所
香川県,高松市,太田コミュニティセンター,高松市伏石町2071-16,34.30991111,134.0525808,1,0,0,-,-,-,,,指定避難所
香川県,高松市,龍雲中学校,高松市出作町331-2,34.28262528,134.0508844,1,0,0,-,-,-,,,指定避難所
香川県,高松市,築地小学校跡施設,高松市築地町14-1,34.34086472,134.0569647,1,0,0,-,-,-,,,指定避難所
香川県,高松市,鬼無小学校,高松市鬼無町佐藤607-1,34.32674972,133.9885403,1,0,0,-,-,-,,,指定避難所
香川県,高松市,原の内集会所,高松市庵治町3470-1,34.37260889,134.1432153,1,0,0,-,-,-,,,指定避難所
香川県,高松市,東部運動公園,高松市高松町1347-1,34.3304325,134.1216517,0,0,1,-,-,-,,,広域避難地
香川県,高松市,環境業務センター,高松市木太町2282-1,34.3388873,134.072063,0,1,0,-,-,-,,,津波避難ビル
香川県,高松市,牟礼中央公園運動センター,高松市牟礼町原1019-8,34.3324975,134.1472969,1,0,0,-,-,-,,,指定避難所
香川県,高松市,香南体育館,高松市香南町横井844-7,34.24326583,134.0065622,1,0,0,-,-,-,,,指定避難所
香川県,高松市,屋島小学校,高松市屋島西町1205-1,34.34760528,134.0994358,1,1,0,-,-,-,,,指定避難所，津波避難ビル
香川県,高松市,安原小学校,高松市塩江町安原下第2号1684,34.19768694,134.0406658,1,0,0,-,-,-,,,指定避難所
香川県,高松市,川岡コミュニティセンター,高松市川部町486-1,34.2693675,134.0098656,1,0,0,-,-,-,,,指定避難所
香川県,高松市,木太南小学校,高松市木太町1530-1,34.32047583,134.0740617,1,1,0,-,-,-,,,指定避難所，津波避難ビル
香川県,高松市,国分寺文化センター,高松市国分寺町新居1423-1,34.29950417,133.9591628,1,0,0,-,-,-,,,指定避難所
香川県,高松市,国分寺南部コミュニティセンター,高松市国分寺町福家甲3106-3,34.28415472,133.9609503,1,0,0,-,-,-,,,指定避難所
香川県,高松市,旧庵治保育所,高松市庵治町1035-1,34.38738611,134.1328444,1,0,0,-,-,-,,,指定避難所
香川県,高松市,下笠居コミュニティセンター,高松市生島町353-1,34.35876306,133.9687525,1,1,0,-,-,-,,,指定避難所，津波避難ビル
香川県,高松市,屋島西コミュニティセンター,高松市屋島西町2483-2,34.35221889,134.0891039,1,1,0,-,-,-,,,指定避難所，津波避難ビル
香川県,高松市,高松市総合体育館,高松市福岡町4-36-1,34.342245,134.0744606,1,1,0,-,-,-,,,指定避難所，津波避難ビル
香川県,高松市,西林寺,高松市牟礼町牟礼917,34.34168361,134.1289025,1,0,0,-,-,-,,,指定避難所
香川県,高松市,白羽神社,高松市牟礼町牟礼2026,34.34572556,134.1312944,1,0,0,-,-,-,,,指定避難所
香川県,高松市,吉光研修センター,高松市香南町吉光159,34.25525028,134.0132019,1,0,0,-,-,-,,,指定避難所
香川県,高松市,女木小学校,高松市女木町236-2,34.39185167,134.0532261,1,0,0,-,-,-,,,指定避難所
香川県,高松市,丸亀町町営新南駐車場,高松市亀井町1-2,34.3416769,134.048978,0,1,0,-,-,-,,,津波避難ビル
香川県,高松市,塩江支所　上西連絡事務所,高松市塩江町上西乙549,34.15044722,134.0765858,1,0,0,-,-,-,,,指定避難所
香川県,高松市,東植田小学校,高松市東植田町2008,34.23902056,134.0976892,1,0,0,-,-,-,,,指定避難所
香川県,高松市,協和中学校,高松市元山町88-2,34.30720167,134.0860831,1,0,0,-,-,-,,,指定避難所
香川県,高松市,原集会所,高松市香南町由佐1687-1,34.23400917,134.0110439,1,0,0,-,-,-,,,指定避難所
香川県,高松市,日新コミュニティセンター,高松市瀬戸内町22-9,34.34761056,134.0324356,1,1,0,-,-,-,,,指定避難所，津波避難ビル
香川県,高松市,十河コミュニティセンター,高松市十川西町579-1,34.27362389,134.1051969,1,0,0,-,-,-,,,指定避難所
香川県,高松市,木太中央公園,高松市木太町5052,34.31567417,134.0656433,0,1,0,-,-,-,,,一次避難地
香川県,高松市,国分寺老人福祉センター・国分寺武道館,高松市国分寺町新居1150-1,34.29764056,133.9655817,1,0,0,-,-,-,,,指定避難所
香川県,高松市,牟礼北小学校,高松市牟礼町牟礼2900-1,34.35095972,134.1256672,1,0,0,-,-,-,,,指定避難所
香川県,高松市,松島コミュニティセンター,高松市松福町2-15-24,34.34018833,134.0649867,1,1,0,-,-,-,,,指定避難所，津波避難ビル
香川県,高松市,牟礼総合体育館,高松市牟礼町牟礼152-10,34.34228833,134.1431597,1,0,0,-,-,-,,,指定避難所
香川県,高松市,香南小学校,高松市香南町横井1008,34.24164333,134.0086372,1,0,0,-,-,-,,,指定避難所
香川県,高松市,牟礼中央公園,高松市牟礼町原1019-8,34.33179194,134.1476561,0,1,0,-,-,-,,,一次避難地
香川県,高松市,前田小学校,高松市前田東町819-3,34.29613167,134.1125861,1,0,0,-,-,-,,,指定避難所
香川県,高松市,国分寺中学校,高松市国分寺町新居1131-1,34.29741083,133.9649044,1,0,0,-,-,-,,,指定避難所
香川県,高松市,高松テルサ,高松市屋島西町2366-1,34.3466445,134.085246,0,1,0,-,-,-,,,津波避難ビル
香川県,高松市,下笠居中学校,高松市生島町372-1,34.35757194,133.9672283,1,1,0,-,-,-,,,指定避難所，津波避難ビル
香川県,高松市,香川県農業共済組合,高松市三名町5-6,34.2853768,134.038272,1,0,0,-,-,-,,,指定避難所
香川県,高松市,太田中央コミュニティセンター,高松市松縄町1108-1,34.31384417,134.0639058,1,0,0,-,-,-,,,指定避難所
香川県,高松市,香川町グリーンセンター,高松市香川町川東上604-85,34.22685694,134.0378258,1,0,0,-,-,-,,,指定避難所
香川県,高松市,香川高等専門学校（体育館）,高松市勅使町355,34.311166,134.011,1,0,0,-,-,-,,,指定避難所
香川県,高松市,多肥小学校,高松市多肥上町902-2,34.29250194,134.05236,1,0,0,-,-,-,,,指定避難所
香川県,高松市,勝賀中学校,高松市香西南町565,34.34288083,133.9993778,1,1,0,-,-,-,,,指定避難所，津波避難ビル
香川県,高松市,由佐農村環境改善センター,高松市香南町由佐357-2,34.24033083,134.0189453,1,0,0,-,-,-,,,指定避難所
香川県,高松市,香川県教育会館（ミューズホール）,高松市西宝町2-6-40,34.3409125,134.029936,0,1,0,-,-,-,,,津波避難ビル
香川県,高松市,四国コカ・コーラボトリング株式会社,高松市春日町1378,34.3342388,134.091847,0,1,0,-,-,-,,,津波避難ビル
香川県,高松市,西村ジョイ屋島店,高松市屋島西町2105-8,34.3453557,134.087961,0,1,0,-,-,-,,,津波避難ビル
香川県,高松市,新番丁小学校,高松市錦町2-14-1,34.34612333,134.0411381,1,1,0,-,-,-,,,指定避難所，津波避難ビル
香川県,高松市,国分寺北部コミュニティセンター,高松市国分寺町新居1840-6,34.30535667,133.9624811,1,0,0,-,-,-,,,指定避難所
香川県,高松市,福岡会館,高松市福岡町3-31-18,34.3431124,134.070894,0,1,0,-,-,-,,,津波避難ビル
香川県,高松市,国分寺勤労青少年ホーム,高松市国分寺町福家甲3005,34.28309361,133.9615803,1,0,0,-,-,-,,,指定避難所
香川県,高松市,太田南コミュニティセンター,高松市太田上町1045-2,34.30182028,134.0412775,1,0,0,-,-,-,,,指定避難所
香川県,高松市,栗林小学校,高松市栗林町2-10-7,34.33056194,134.0496642,1,0,0,-,-,-,,,指定避難所
香川県,高松市,十河小学校,高松市十川西町366-5,34.2746025,134.1027197,1,0,0,-,-,-,,,指定避難所
香川県,高松市,がん検診センター,高松市郷東町587-1,34.3519256,134.018799,0,1,0,-,-,-,,,津波避難ビル
香川県,高松市,下笠居小学校,高松市生島町345,34.35797667,133.9684875,1,1,0,-,-,-,,,指定避難所，津波避難ビル
香川県,高松市,円座コミュニティセンター,高松市円座町1622-1,34.28532944,134.0055431,1,0,0,-,-,-,,,指定避難所
香川県,高松市,国分寺保健センター,高松市国分寺町新居1180-1,34.29561722,133.9648819,1,0,0,-,-,-,,,指定避難所
香川県,高松市,高松市生涯学習センター（まなびCAN),高松市片原町11-1むうぶ片原町ビル内,34.34551472,134.0534286,1,1,0,-,-,-,,,指定避難所，津波避難ビル
香川県,高松市,牟礼中学校,高松市牟礼町牟礼46-2,34.34009917,134.1429383,1,0,0,-,-,-,,,指定避難所
香川県,高松市,檀紙コミュニティセンター,高松市御厩町775-1,34.3009775,133.9946944,1,0,0,-,-,-,,,指定避難所
香川県,高松市,東山集会所,高松市塩江町上西甲2326,34.12149,134.0981603,1,0,0,-,-,-,,,指定避難所
香川県,高松市,国分寺会館,高松市国分寺町新名430-2,34.29657611,133.9600664,1,0,0,-,-,-,,,指定避難所
香川県,高松市,高松工芸高等学校（体育館）,高松市番町2-9-30,34.34352361,134.0422028,1,1,0,-,-,-,,,指定避難所，津波避難ビル
香川県,高松市,ラウンドワン・スタジアム高松店,高松市松島町2-7-43,34.3388815,134.067093,0,1,0,-,-,-,,,津波避難ビル
香川県,高松市,上部会館,高松市香川町川内原179-1,34.234585,134.0415928,1,0,0,-,-,-,,,指定避難所
香川県,高松市,旧塩江保育所,高松市塩江町安原上705-1,34.17981194,134.076805,1,0,0,-,-,-,,,指定避難所
香川県,高松市,如意輪寺公園,高松市国分寺町国分2530-2,34.30821028,133.9522239,0,1,0,-,-,-,,,一次避難地
香川県,高松市,築地コミュニティセンター,高松市築地町14-1,34.34131389,134.0532372,1,1,0,-,-,-,,,指定避難所，津波避難ビル
香川県,高松市,亀阜小学校,高松市亀岡町10-1,34.33778583,134.0398314,1,1,0,-,-,-,,,指定避難所，津波避難ビル
香川県,高松市,前田コミュニティセンター,高松市前田東町838,34.29665833,134.1125433,1,0,0,-,-,-,,,指定避難所
香川県,高松市,古高松小学校,高松市高松町398,34.33159556,134.1070614,1,1,0,-,-,-,,,指定避難所，津波避難ビル
香川県,高松市,第２ダイヤビル,高松市観光通2-2-15,34.3365766,134.053754,0,1,0,-,-,-,,,津波避難ビル
香川県,高松市,新居児童館,高松市国分寺町国分78-1,34.29984889,133.9578361,1,0,0,-,-,-,,,指定避難所
香川県,高松市,福家児童館,高松市国分寺町福家甲1951-1,34.274155,133.9726811,1,0,0,-,-,-,,,指定避難所
香川県,高松市,塩江小学校,高松市塩江町安原上東365,34.17038278,134.0834639,1,0,0,-,-,-,,,指定避難所
香川県,高松市,円座小学校,高松市円座町1630-2,34.28478806,134.0050339,1,0,0,-,-,-,,,指定避難所
香川県,高松市,塩江中学校,高松市塩江町安原上231,34.18104306,134.0736789,1,0,0,-,-,-,,,指定避難所
香川県,高松市,屋島中学校,高松市屋島中町295,34.34052194,134.1047033,1,1,0,-,-,-,,,指定避難所，津波避難ビル
香川県,高松市,競輪場（選手宿舎，プレスセンター）,高松市福岡町1-4-46,34.3464772,134.063032,0,1,0,-,-,-,,,津波避難ビル
香川県,高松市,高松センチュリーホテル,高松市錦町1-4-19,34.3486139,134.043843,0,1,0,-,-,-,,,津波避難ビル
香川県,小豆郡小豆島町,オリーブ・ナビ小豆島,香川県小豆郡小豆島町西村,34.469581936895,134.27448834553,1,0,0,-,-,-,,,避難所
香川県,高松市,高松港旅客ターミナルビル,高松市サンポート1-1,34.3527422,134.04812,0,1,0,-,-,-,,,津波避難ビル
香川県,高松市,ビジネスホテル東宝イン高松,高松市城東町1-5-18,34.3474439,134.057386,0,1,0,-,-,-,,,津波避難ビル
香川県,高松市,房前公園・源平の里むれ（道の駅）,高松市牟礼町原631-7,34.33351,134.1567117,0,1,0,-,-,-,,,一次避難地
香川県,高松市,道の駅源平の里むれ,高松市牟礼町原631-7,34.3337159,134.157518,0,1,0,-,-,-,,,津波避難ビル
香川県,高松市,高松国際ホテル,高松市木太町2191-1,34.3330546,134.071088,0,1,0,-,-,-,,,津波避難ビル
香川県,高松市,ファーストイン高松,高松市鶴屋町2-3,34.3478452,134.055586,0,1,0,-,-,-,,,津波避難ビル
香川県,高松市,高松東急イン,高松市兵庫町9-9,34.3462039,134.048078,0,1,0,-,-,-,,,津波避難ビル
香川県,高松市,中央公園,高松市番町1-11,34.34127056,134.0466108,0,1,0,-,-,-,,,一次避難地
香川県,高松市,ホテルマリンパレスさぬき,高松市福岡町2-3-4,34.346727,134.065963,0,1,0,-,-,-,,,津波避難ビル
香川県,高松市,ニューグランデみまつ,高松市通町2-3,34.3451041,134.055213,0,1,0,-,-,-,,,津波避難ビル
香川県,高松市,ホテルパールガーデン,高松市福岡町2-2-1,34.3467625,134.064617,0,1,0,-,-,-,,,津波避難ビル
香川県,高松市,ホテル川六エルステージ,高松市百間町1-2,34.3455271,134.05134,0,1,0,-,-,-,,,津波避難ビル
香川県,高松市,玉藻公園,高松市玉藻町2-1,34.35058889,134.0511172,0,1,0,-,-,-,,,一次避難地
香川県,高松市,美術館,高松市紺屋町10-4,34.344117,134.049162,0,1,0,-,-,-,,,津波避難ビル
香川県,高松市,仏生山公園,高松市仏生山町甲2654-1,34.27168833,134.0479597,0,0,1,-,-,-,,,広域避難地
香川県,高松市,香南歴史民俗郷土館,高松市香南町由佐253-1,34.23915667,134.0216889,1,0,0,-,-,-,,,指定避難所
香川県,高松市,喜代美山荘　花樹海,高松市西宝町3-5-10,34.3429424,134.024493,0,1,0,-,-,-,,,津波避難ビル
香川県,高松市,峰山公園,高松市峰山町1838-37,34.32985,134.0263986,0,0,1,-,-,-,,,広域避難地
香川県,高松市,JRホテルクレメント高松,高松市浜ノ町1-1,34.3520331,134.048258,0,1,0,-,-,-,,,津波避難ビル
香川県,高松市,中央図書館（サンクリスタル高松）,高松市昭和町1-2-20,34.3439682,134.034374,0,1,0,-,-,-,,,津波避難ビル